{"type": "FeatureCollection", "features": [{"type": "Feature", "properties": {}, "geometry": {"type": "MultiPolygon", "coordinates": [[[[-74.16008419227393, 40.52736090152096], [-74.1622719610864, 40.52719426180595], [-74.16999711161473, 40.523045772452576], [-74.17128682067415, 40.523457767642434], [-74.17269667263014, 40.522968735523776], [-74.17758295522239, 40.51923086736882], [-74.18105192746964, 40.520663254540764], [-74.184831164799, 40.51934135910359], [-74.18849871610387, 40.51631272655313], [-74.18926875557469, 40.515344977375136], [-74.18884297821849, 40.5150871663459], [-74.18971218498393, 40.51532037853449], [-74.19521339999068, 40.509977652955875], [-74.19649936986063, 40.50992353048525], [-74.19967205359374, 40.51142685047984], [-74.20005925616819, 40.51261937203846], [-74.19907307095482, 40.51308388453719], [-74.20756866998165, 40.51185615162791], [-74.2096878939744, 40.51079736934264], [-74.2091899682504, 40.51049905695538], [-74.20932200398505, 40.51039862939939], [-74.2098533812854, 40.51067192532497], [-74.2135313080367, 40.506397477228056], [-74.21510815861446, 40.506059755306175], [-74.21758240131422, 40.50334139262168], [-74.22500232162484, 40.50177029504633], [-74.22729413517966, 40.50229749912169], [-74.2312444324436, 40.501826860821765], [-74.23678845614225, 40.50000083546577], [-74.2398801727975, 40.49757362640199], [-74.24432798252431, 40.49754674020985], [-74.2467610277419, 40.49613398761203], [-74.24912393357842, 40.49658468633135], [-74.25085489422248, 40.4980061635954], [-74.25116773245428, 40.49899309015195], [-74.2531612450116, 40.50012537621635], [-74.25531573088958, 40.50417827501895], [-74.25557180224024, 40.507763105538565], [-74.25497290370959, 40.50880566213341], [-74.25399753082058, 40.50897031494752], [-74.25431454169502, 40.50941369515178], [-74.25368911881061, 40.50942559643936], [-74.25464651262905, 40.50982624592461], [-74.25452621732236, 40.50997301488114], [-74.25364812518256, 40.5094705304365], [-74.25331579805132, 40.50986150454117], [-74.25300847211699, 40.51119398970707], [-74.253526850769, 40.51167776653465], [-74.2530363538174, 40.51143316096152], [-74.25308950868654, 40.512121961374085], [-74.2519519748828, 40.51299700204483], [-74.2521259139706, 40.51371037980015], [-74.25011171056995, 40.5150448198553], [-74.2505600727182, 40.51610674053004], [-74.24921528676096, 40.51508486129946], [-74.24994158808036, 40.51613748819118], [-74.24943096899277, 40.51568788610029], [-74.24854589291671, 40.51616991714866], [-74.24894624665613, 40.51719453978692], [-74.24940770788909, 40.51698083041867], [-74.24851449056031, 40.517475626265245], [-74.24891910587387, 40.517208434196675], [-74.24751811835532, 40.515735864778854], [-74.24644039650948, 40.51596502750351], [-74.24699556996588, 40.517182085195735], [-74.24647899705508, 40.51668732771364], [-74.245208614625, 40.5172897436257], [-74.2456347316994, 40.518075580745965], [-74.24232477833276, 40.51832652502193], [-74.23982258316771, 40.52009071144395], [-74.24117293552197, 40.52106013143217], [-74.24293235036323, 40.521227160630374], [-74.2428015694389, 40.52400729679086], [-74.24396500758677, 40.52490536583547], [-74.2415079114583, 40.531273253436076], [-74.24221152819047, 40.534604139100466], [-74.2441249598849, 40.53619629572923], [-74.24416391650854, 40.53689367362665], [-74.24534807469112, 40.53692952136368], [-74.24442748922033, 40.53801643339913], [-74.24560205698324, 40.540949594577555], [-74.24803463735688, 40.543093240441635], [-74.24613743768708, 40.54569644693217], [-74.24336346552948, 40.54786513573861], [-74.24220318463067, 40.54694867729517], [-74.24039182810051, 40.54766331017396], [-74.23641459661086, 40.550508223953976], [-74.23639962086499, 40.55233533319216], [-74.2348986580098, 40.553005217174075], [-74.23332400080318, 40.55250914356611], [-74.23071036198294, 40.55555759476172], [-74.22931954185886, 40.555491587465546], [-74.22833214372007, 40.55639035431165], [-74.22344265106311, 40.55604656990374], [-74.22257486801371, 40.55540620977982], [-74.22129864604456, 40.55536622468574], [-74.22086715093401, 40.55594020227793], [-74.21974356930723, 40.55461267207267], [-74.21908060899511, 40.55484700270071], [-74.2193370127915, 40.5556913674838], [-74.21921716371094, 40.555796970381415], [-74.21859325782808, 40.554674210247974], [-74.2187503688056, 40.55602774053745], [-74.21775342391737, 40.55500528477637], [-74.21604245994743, 40.55554411878445], [-74.21474053198814, 40.55624238913232], [-74.21499256964766, 40.5567949327961], [-74.21327457291218, 40.55662493377423], [-74.21197718232543, 40.558420797434664], [-74.21116899541968, 40.56048629037065], [-74.21137997858774, 40.56349220527506], [-74.20892636328513, 40.56962429794761], [-74.20801705315667, 40.57051795790472], [-74.20708917179337, 40.576305589836416], [-74.20591732509237, 40.57861664705121], [-74.20599255015574, 40.58041038393727], [-74.20440076433692, 40.58371294584213], [-74.20458065694645, 40.58821760318023], [-74.20412200974732, 40.588881474412474], [-74.20470529848629, 40.588772370830746], [-74.2046460894321, 40.589285745466], [-74.20385886543349, 40.59024952536298], [-74.20388550456217, 40.58978610973645], [-74.2020140553329, 40.59089579862263], [-74.20246775956585, 40.59083882485753], [-74.20305254911655, 40.591140542312615], [-74.20202733920853, 40.590999079794756], [-74.20184092915534, 40.59163648337983], [-74.20200349813028, 40.59178076479522], [-74.20230284591754, 40.59146932177453], [-74.20231645768172, 40.59152396460031], [-74.20092540430579, 40.59286637980877], [-74.19974060976999, 40.5935646690413], [-74.19751357718711, 40.59679898603694], [-74.19730619713819, 40.59805952224113], [-74.19875958205299, 40.60171197517643], [-74.2022184985121, 40.60596968011926], [-74.20281628374592, 40.60827082796749], [-74.20244374449372, 40.61328469342954], [-74.20045324444482, 40.616327996806525], [-74.20091423238283, 40.61779882239878], [-74.20035203856098, 40.61834219805231], [-74.20106997469082, 40.62038153977263], [-74.2004280019192, 40.62049541101701], [-74.20143239998191, 40.621612609468094], [-74.20163201104117, 40.62312156545757], [-74.20107662790335, 40.624078346589954], [-74.20141670667911, 40.62607051389591], [-74.20098625565413, 40.629344148106505], [-74.20042573785118, 40.629821165953516], [-74.20079169384545, 40.63035012431852], [-74.20040053118291, 40.631459467819894], [-74.19678530632117, 40.633392239771965], [-74.19442256854643, 40.636582105208134], [-74.19462310079363, 40.637391184067575], [-74.19358317695, 40.63746911738741], [-74.1865249689774, 40.64338866267421], [-74.18483594580987, 40.64412826684149], [-74.18365067064201, 40.64223964155343], [-74.18402611192013, 40.643100408569886], [-74.1832421227914, 40.64296367709803], [-74.1836674587201, 40.64461048505026], [-74.18087212513223, 40.64485142967853], [-74.1800407794923, 40.644288140673844], [-74.17996507274157, 40.64526698280568], [-74.17972987752036, 40.64438070211209], [-74.17925123340665, 40.645041876970446], [-74.17907466583894, 40.644646507056706], [-74.1795871372141, 40.64191768346423], [-74.17918728067293, 40.64298753899149], [-74.17825662145894, 40.64212922736577], [-74.17721118570951, 40.643122778603264], [-74.17670489151175, 40.642416911284165], [-74.17635786617534, 40.64232722056304], [-74.17666795538246, 40.6433868447718], [-74.17560250954297, 40.643311298170005], [-74.17568470742577, 40.644710284895275], [-74.17436572943477, 40.64513625814303], [-74.17294123891786, 40.64420452335862], [-74.172361653206, 40.643256267553035], [-74.17272145305189, 40.64294849899678], [-74.17133587281677, 40.642855764549566], [-74.17186042582577, 40.64252292851905], [-74.17158721923735, 40.64102959339466], [-74.17202315852221, 40.64098921465789], [-74.17293896175401, 40.64057955269759], [-74.17297990582071, 40.64048606719583], [-74.17156994685423, 40.641011532092946], [-74.17137382284403, 40.64208501476663], [-74.1710501724002, 40.642593819632744], [-74.1711926088523, 40.64173962651512], [-74.16906431628865, 40.642130016798745], [-74.16653375792963, 40.64142263838641], [-74.16609989896034, 40.64240658700138], [-74.16631887292462, 40.64143667500512], [-74.16580110755902, 40.64122451144967], [-74.16544310082271, 40.64228054620614], [-74.16494139041183, 40.642208999889476], [-74.16519041758112, 40.64064230527697], [-74.1647342653693, 40.640391467527586], [-74.16441459649114, 40.64139678472624], [-74.16416886813508, 40.63999410972794], [-74.16400179001295, 40.64106585950438], [-74.1638497658415, 40.639891508918396], [-74.16324577932504, 40.64095741918578], [-74.16167534694235, 40.640610784766956], [-74.16228465251963, 40.63876565226989], [-74.1614491782677, 40.639428336668495], [-74.16124015814863, 40.6385950106112], [-74.16090490770392, 40.63938614081619], [-74.16108161758906, 40.638567768312704], [-74.16034819993045, 40.63844372595107], [-74.15986410465041, 40.63992782369295], [-74.16022466453221, 40.638339061840476], [-74.1598569776778, 40.63872920171702], [-74.15931954037038, 40.63781040474049], [-74.15900957887429, 40.63882257790998], [-74.15789262953881, 40.6379650512313], [-74.15773352572349, 40.63887903516548], [-74.1577736593679, 40.63795715924366], [-74.15569862053152, 40.63751793890434], [-74.15482932461856, 40.63772385541897], [-74.15469263864526, 40.6391939681144], [-74.15459670163443, 40.6373433445718], [-74.15279703511403, 40.637132754852736], [-74.15229786175502, 40.63827428826375], [-74.15204639233266, 40.63766721531566], [-74.15119545007292, 40.637730789038926], [-74.1513951761365, 40.63939651305763], [-74.15112965090485, 40.63850068007409], [-74.14944732900051, 40.63740539948566], [-74.1488817554377, 40.638705207973416], [-74.1485581502623, 40.63743783752828], [-74.14877792005885, 40.63887625112789], [-74.14519279481542, 40.63937849765491], [-74.14386163595745, 40.63888796251427], [-74.14336103010835, 40.63970984518127], [-74.14238795149326, 40.639641210830085], [-74.14229766980858, 40.64030580659126], [-74.1343526957353, 40.64188679690276], [-74.13125581180257, 40.641596830764016], [-74.13018370013307, 40.64072382658582], [-74.12949057637465, 40.64135483569861], [-74.12997740262725, 40.640729872855786], [-74.12930713186948, 40.64033741171374], [-74.12890729033452, 40.641194827586325], [-74.12881201847226, 40.64022697800666], [-74.1275267724088, 40.64015530471665], [-74.12702736020904, 40.63931907798447], [-74.12705362205264, 40.640241737639165], [-74.126069828622, 40.64025447268761], [-74.12636808688981, 40.6413323804871], [-74.12564026870697, 40.641418492585046], [-74.12613276551232, 40.64126438802843], [-74.12599542422451, 40.64023124262892], [-74.1241557844501, 40.640134716640205], [-74.1226036360171, 40.640597074405484], [-74.12282565410312, 40.64129387551522], [-74.12199083807539, 40.64155463949961], [-74.11993480088911, 40.641197604384026], [-74.11995699875855, 40.642209453931834], [-74.11909720493632, 40.64147346602096], [-74.11940029532546, 40.64237937903549], [-74.11861635236274, 40.64153036502918], [-74.11883624616942, 40.64254186406052], [-74.1184018508355, 40.64152980054306], [-74.11712100630398, 40.64166785704609], [-74.11672187663888, 40.642031756096756], [-74.11722470082633, 40.643027360465375], [-74.11666607646316, 40.64210676683669], [-74.11667041382688, 40.64318982489303], [-74.11614208569742, 40.6422164541512], [-74.11535082182931, 40.64247054015837], [-74.1137966608601, 40.64360951580808], [-74.11395094068483, 40.64413659167542], [-74.11288806510882, 40.64453244413513], [-74.11385709322244, 40.644076012169954], [-74.11333023192456, 40.643723496581345], [-74.10973932564566, 40.64546372868749], [-74.10412356301745, 40.64574043220029], [-74.09880066885808, 40.64504703431097], [-74.09468500921261, 40.64555571773497], [-74.08570754378212, 40.64888055337064], [-74.07980996428704, 40.64838331298811], [-74.07650657152918, 40.646968818686126], [-74.07445282563586, 40.645067487718244], [-74.07359107919277, 40.64499892804317], [-74.07385653684669, 40.64542481559722], [-74.07333813856928, 40.645783115659846], [-74.07369011806443, 40.64530572405497], [-74.07269828799026, 40.64444127346753], [-74.07165829759784, 40.645033746435196], [-74.07229190281822, 40.6442660478206], [-74.07113105720936, 40.64320526367847], [-74.07210952444632, 40.64246321679294], [-74.07032923715443, 40.64252612863507], [-74.07314400519942, 40.64185297347557], [-74.07019399559219, 40.642007502805484], [-74.07308689819328, 40.64163681446722], [-74.07289005609574, 40.64092267237364], [-74.06998354653952, 40.641068943116984], [-74.07307725837745, 40.640513311796504], [-74.07309035578784, 40.638618999686045], [-74.07237941129381, 40.63816272607427], [-74.0734835373575, 40.63778735793621], [-74.07337342888036, 40.6366107256396], [-74.07209483807563, 40.636647278127334], [-74.0733582204565, 40.63653609466792], [-74.0729847461238, 40.630308979484234], [-74.06802173543952, 40.62878758518564], [-74.07291177870592, 40.6299963794071], [-74.07229520282672, 40.62713842700826], [-74.07352694647261, 40.626863194268694], [-74.07270543377281, 40.62687414856302], [-74.07225500955772, 40.62460875019414], [-74.07002735061631, 40.62145406435345], [-74.06649335296383, 40.61889760159536], [-74.06596065271782, 40.619359015593915], [-74.0661990795487, 40.618722481288955], [-74.06544586069532, 40.619202628792074], [-74.06641558649223, 40.617872498166136], [-74.06425721751592, 40.61817168758575], [-74.06509908407207, 40.61751095612564], [-74.06390892174456, 40.6173288256522], [-74.06432745858098, 40.61698850352494], [-74.06143961457323, 40.61437802120237], [-74.0603368079197, 40.61190187971726], [-74.05999919777541, 40.612783899115904], [-74.05976930738183, 40.612056647139525], [-74.06027224809945, 40.61181963993938], [-74.05892163454939, 40.61105605439566], [-74.05649565936768, 40.60724764825641], [-74.05381069805442, 40.60591271885318], [-74.05303330746446, 40.601466470296835], [-74.05342199900808, 40.60051607104164], [-74.05224531733288, 40.599748014153064], [-74.05447422333906, 40.59875553954863], [-74.05974734627634, 40.59384861207067], [-74.06013380076344, 40.59435396809672], [-74.05964120596207, 40.59370938906333], [-74.0650333235618, 40.58899099786547], [-74.06436003721248, 40.588267891174986], [-74.06722276816883, 40.586734449257726], [-74.07096310182041, 40.583181990402814], [-74.07149180521229, 40.58216878265264], [-74.07065781537815, 40.581625625037915], [-74.07177638431078, 40.581876534159065], [-74.07499413073515, 40.5792365574165], [-74.07336118472153, 40.578275488791924], [-74.07508288192615, 40.5791601587558], [-74.07579819540712, 40.578309250650804], [-74.07534622582462, 40.5778879700745], [-74.07601596977959, 40.57824491279301], [-74.07926321256909, 40.575671292205875], [-74.07867933938915, 40.57508182522351], [-74.07933640538258, 40.57562720401707], [-74.0801786744205, 40.575180418259656], [-74.08469075903615, 40.57147791444318], [-74.08597630344289, 40.572236870819765], [-74.08469075947518, 40.57147791419157], [-74.08691263653223, 40.56898584268376], [-74.08621632224195, 40.5685326976447], [-74.08725078316105, 40.56908167819307], [-74.08924906075131, 40.567015570534906], [-74.09054960106333, 40.5670835972115], [-74.09407071043617, 40.56273162013203], [-74.09543837150589, 40.563411915667324], [-74.0957135151732, 40.563546277983505], [-74.09407071043623, 40.56273162013203], [-74.09542371796327, 40.56315463556875], [-74.09611847135459, 40.562587574490266], [-74.09819767261997, 40.559836477307385], [-74.09782127023936, 40.55905346571534], [-74.09876415414928, 40.559423551149045], [-74.1002122584932, 40.55887115112916], [-74.10184637674703, 40.556216988780186], [-74.10135423270505, 40.55558329994364], [-74.10309839111532, 40.555904641451335], [-74.10465943491393, 40.554120467311456], [-74.10484447636338, 40.553025814556435], [-74.10734831283652, 40.55414815203135], [-74.11028457321653, 40.55149635741835], [-74.11278846957893, 40.54788426222187], [-74.11654532176979, 40.5478723931468], [-74.11804133083795, 40.54730661339739], [-74.11977810043538, 40.545470456646065], [-74.12249960095284, 40.54485810670808], [-74.13071184272671, 40.534535075436416], [-74.13618848993349, 40.529620796687475], [-74.13690799076248, 40.52928191838023], [-74.13883030532918, 40.529889356541126], [-74.1405860719319, 40.5346999368412], [-74.14009728052093, 40.53548491486212], [-74.13410017490894, 40.53549448809979], [-74.1311954568939, 40.53787240877474], [-74.13181387201769, 40.53830735868589], [-74.13169767601974, 40.537857122813264], [-74.13242438513319, 40.537774960735106], [-74.13191182124632, 40.5375328409772], [-74.13245302764166, 40.53776028136421], [-74.13275480490115, 40.53750453648014], [-74.13223596269246, 40.53726255073678], [-74.13239801584072, 40.5371188639277], [-74.13277603711705, 40.53748401091606], [-74.13255786139074, 40.536991407757576], [-74.13339187377338, 40.536957984347744], [-74.13287438280999, 40.53671963230256], [-74.13303508839532, 40.536574875626066], [-74.13386054140278, 40.536597961991426], [-74.12996934203085, 40.53996776961431], [-74.1296837544282, 40.53947171959338], [-74.13052164283047, 40.53942555811981], [-74.13000272815052, 40.539172394161284], [-74.13054176521159, 40.53940930625587], [-74.13083906851791, 40.53914759239006], [-74.130322448993, 40.538900471244645], [-74.1304852836071, 40.53875891675803], [-74.13085918854104, 40.539131339802516], [-74.13065428041827, 40.53861731113316], [-74.13179350815561, 40.53832599148931], [-74.13116466312675, 40.53790013586929], [-74.12798728527221, 40.54071097748332], [-74.12740612909815, 40.542018574886484], [-74.1276299403818, 40.543608893618334], [-74.12975805029642, 40.545748021924396], [-74.1317758871834, 40.54658526939312], [-74.13585712346627, 40.54645169671764], [-74.13695992338161, 40.546980443690565], [-74.13585712456327, 40.546451696213715], [-74.1371798712987, 40.54579286466078], [-74.13611540724054, 40.545019845680066], [-74.1371928751982, 40.54578429520283], [-74.13750833508846, 40.5455775572389], [-74.13658907071057, 40.544845486096115], [-74.13687348630864, 40.5446825939102], [-74.13794966050548, 40.54600033657565], [-74.13886951340523, 40.54513019811007], [-74.13762430745243, 40.54425356692105], [-74.1387553470356, 40.54493395892961], [-74.13786798524534, 40.54405254413111], [-74.13903307178522, 40.54470490979767], [-74.13953937915745, 40.544295140872336], [-74.13834151288614, 40.543551827809054], [-74.13956971698569, 40.54427227483074], [-74.13983697786095, 40.54405246234102], [-74.13870632397385, 40.543291411337165], [-74.13890636539452, 40.543131777602504], [-74.14038573073617, 40.544033185008075], [-74.13921993485886, 40.54316608513808], [-74.14029571947275, 40.543640457658285], [-74.13936132804027, 40.54282586399888], [-74.14062715566955, 40.54311302969269], [-74.13963169074272, 40.542541098068966], [-74.13985859891679, 40.542357175129375], [-74.14064614869928, 40.5430942154049], [-74.14132426794353, 40.54309413433302], [-74.14016510037457, 40.54236621843368], [-74.14033528229646, 40.54222820875716], [-74.14020723540699, 40.542365224299324], [-74.14141073560408, 40.54302241508055], [-74.14026290400702, 40.54196151152278], [-74.141349013796, 40.542577523131754], [-74.14179719957052, 40.54220041538255], [-74.14063984172134, 40.54169454203749], [-74.14095816832888, 40.54143207796516], [-74.14229898630242, 40.54225211146256], [-74.14172892651293, 40.53933948409726], [-74.14230351275852, 40.53906997528989], [-74.14176587793868, 40.53854204150254], [-74.14226513007999, 40.53814035366493], [-74.14186762291457, 40.53844409071938], [-74.1421671801914, 40.53793276106833], [-74.14104157916334, 40.53734688446226], [-74.14218574841665, 40.537917777286474], [-74.14158287625018, 40.53708757795338], [-74.14383385685339, 40.537136911849835], [-74.14474069813576, 40.5358010442114], [-74.14794319980366, 40.5349230174966], [-74.14977717423358, 40.53388786880264], [-74.15069553552408, 40.53254583893819], [-74.15245660936574, 40.532067943498475], [-74.156223738214, 40.52921970834987], [-74.15618731852328, 40.528611371091884], [-74.15701861946272, 40.52897765580974], [-74.16008419227393, 40.52736090152096]], [[-74.07601596977959, 40.57824491279301], [-74.07691859429208, 40.57875899844983], [-74.07774852831162, 40.57920988817261], [-74.077802373425, 40.579250212936095], [-74.07785350431107, 40.579282570301196], [-74.07774852831167, 40.57920988817261], [-74.07601596977959, 40.57824491279301]], [[-74.07832805973456, 40.579532215369014], [-74.07900316331373, 40.579878905456646], [-74.07993370116638, 40.58035675409834], [-74.08107038107921, 40.580944099322245], [-74.08220709394857, 40.58153143325904], [-74.07993370116644, 40.58035675409834], [-74.07832805973456, 40.57953221536897], [-74.07785350431107, 40.579282570301196], [-74.07832805973456, 40.579532215369014]], [[-74.08435958038682, 40.58261894068527], [-74.08547721804628, 40.58318989278068], [-74.08220709394857, 40.58153143325904], [-74.08435958038682, 40.58261894068527]], [[-74.08654141578727, 40.5837335267406], [-74.08793925852123, 40.58448796850722], [-74.08547721804628, 40.58318989278068], [-74.08654141578727, 40.5837335267406]], [[-74.09763008042182, 40.56448217104776], [-74.09895201501189, 40.56512399302513], [-74.0957135151732, 40.563546277983505], [-74.09763008042182, 40.56448217104776]], [[-74.09895201501189, 40.56512399302513], [-74.10078650910022, 40.566014819602444], [-74.10154961501316, 40.56638585702644], [-74.09895201501189, 40.56512399302513]], [[-74.19188757756488, 40.63236752545158], [-74.19139103581217, 40.63210862336141], [-74.190890725705, 40.63185396899117], [-74.19139103581216, 40.63210862336141], [-74.19188757756488, 40.63236752545158]], [[-74.20441199860309, 40.580170001424655], [-74.20471475113526, 40.5800695219546], [-74.20441199860304, 40.580170001424655], [-74.20441199860309, 40.580170001424655]], [[-74.16377941502317, 40.56031697962338], [-74.16272123558505, 40.560774195526534], [-74.16400085878816, 40.56027788046264], [-74.16377941502317, 40.56031697962338]], [[-74.15725989405857, 40.56255326538726], [-74.15725983882295, 40.562553284851894], [-74.15732240677801, 40.56253069138099], [-74.15725989405857, 40.56255326538726]], [[-74.1571153129518, 40.56262074128233], [-74.1569812188908, 40.562699594198264], [-74.15711540728233, 40.562620687376125], [-74.1571153129518, 40.56262074128233]], [[-74.15685884049493, 40.562789094575955], [-74.15698080633337, 40.562699865993146], [-74.15698100677024, 40.56269972130837], [-74.15685884049493, 40.562789094575955]], [[-74.15511310361462, 40.56494054524036], [-74.15620482072714, 40.56342545794416], [-74.15502927821258, 40.56509341371812], [-74.15511310361462, 40.56494054524036]], [[-74.15502927821258, 40.56509341371812], [-74.15480382863245, 40.565381940979435], [-74.15476662635695, 40.56541704763042], [-74.15502927821258, 40.56509341371812]], [[-74.15357985465563, 40.566253186640196], [-74.15335496855558, 40.566441739258856], [-74.15401668555485, 40.565941434028844], [-74.15357985465563, 40.566253186640196]], [[-74.15228114438293, 40.567392946888226], [-74.15188543660054, 40.567738447671005], [-74.1526886841416, 40.567020540633976], [-74.15228114438293, 40.567392946888226]], [[-74.15075081493934, 40.56858755560306], [-74.15068072052932, 40.568641910886555], [-74.1508941202142, 40.56848347233076], [-74.15075081493934, 40.56858755560306]], [[-74.14698827841204, 40.57048608925348], [-74.146993032937, 40.570485923476994], [-74.14699303293699, 40.570485923476994], [-74.14698827841204, 40.57048608925348]], [[-74.14671789521249, 40.570540772399056], [-74.14672672563042, 40.57053865724467], [-74.14671789521242, 40.57054077239906], [-74.14671789521249, 40.570540772399056]], [[-74.14646761768374, 40.570546522344024], [-74.14645456823588, 40.570544043749244], [-74.14648845172043, 40.57054867082374], [-74.14646761768374, 40.570546522344024]], [[-74.14403879696863, 40.57129949739505], [-74.14387453487329, 40.570606594693444], [-74.14418588119743, 40.57203741050875], [-74.14403879696863, 40.57129949739505]], [[-74.13846596938406, 40.572739887374844], [-74.1384245358771, 40.57274492113615], [-74.14024008632886, 40.57252737262366], [-74.13846596938406, 40.572739887374844]], [[-74.13635343176844, 40.57299130958141], [-74.13627070257668, 40.57300024409015], [-74.13646390759365, 40.57297802699126], [-74.13635343176844, 40.57299130958141]], [[-74.13378606568072, 40.57329660401624], [-74.13363642886502, 40.573317001957214], [-74.13384737635911, 40.573289321096105], [-74.13378606568072, 40.57329660401624]], [[-74.13306022847176, 40.57341803193076], [-74.13303595596717, 40.57342298484547], [-74.13309376025416, 40.57341136558877], [-74.13306022847176, 40.57341803193076]], [[-74.1327843609998, 40.5734790942342], [-74.13269148124138, 40.573504597114244], [-74.13281939249066, 40.57347072692652], [-74.1327843609998, 40.5734790942342]], [[-74.12928320068356, 40.574682482864496], [-74.12914464331635, 40.57473005414381], [-74.12966383380613, 40.57455008317985], [-74.12928320068356, 40.574682482864496]], [[-74.12773493482419, 40.575206624554205], [-74.12771551114305, 40.57521737255862], [-74.12777910792592, 40.575191248651514], [-74.12773493482419, 40.575206624554205]], [[-74.12747483277212, 40.57546405132084], [-74.1275683866796, 40.57532458869551], [-74.1276175230917, 40.575280237611246], [-74.12747483277212, 40.57546405132084]], [[-74.12187182618736, 40.5751075674741], [-74.12187183216274, 40.57510756714278], [-74.12187183216271, 40.57510756714278], [-74.12187182618736, 40.5751075674741]], [[-74.12153728906142, 40.57515325257959], [-74.12153728906148, 40.575153252579575], [-74.12163283818899, 40.57502871877923], [-74.12153728906142, 40.57515325257959]], [[-74.09844000802553, 40.58124170600752], [-74.10525775386915, 40.58592143674099], [-74.10454864459426, 40.586500648549496], [-74.1039253786438, 40.58707587522648], [-74.1052577538692, 40.58592143674099], [-74.09844000802553, 40.58124170600752]], [[-74.09712008431991, 40.58228486118736], [-74.09771889699462, 40.58181287576632], [-74.09653856664463, 40.58274802865385], [-74.09712008431991, 40.58228486118736]], [[-74.0954380437912, 40.583623559272446], [-74.09471038852702, 40.58420261275535], [-74.09586667437456, 40.583283541452715], [-74.0954380437912, 40.583623559272446]], [[-74.09402416373638, 40.5847463816677], [-74.09340699226419, 40.585240112434796], [-74.09471038852702, 40.58420261275535], [-74.09402416373638, 40.5847463816677]], [[-74.0891214792988, 40.58414256119417], [-74.09164763835177, 40.58544375037115], [-74.09261596810606, 40.5859398106694], [-74.0891214792988, 40.58414256119417]], [[-74.08855997940391, 40.5847223211523], [-74.08849596473402, 40.58478842416096], [-74.0887717037883, 40.58450371145826], [-74.08855997940391, 40.5847223211523]], [[-74.20671355404622, 40.55757693633759], [-74.20671355404617, 40.557576936337625], [-74.2069988521602, 40.55756748910415], [-74.20671355404622, 40.55757693633759]], [[-74.2064259720019, 40.55756934981074], [-74.2058544843179, 40.557502457282894], [-74.20530543988032, 40.55736862227616], [-74.2064259720019, 40.55756934981074]], [[-74.20530543988032, 40.55736862227616], [-74.2050628825279, 40.55727787778025], [-74.20492823907327, 40.557205489722016], [-74.20530543988032, 40.55736862227616]], [[-74.20492823907327, 40.557205489722016], [-74.20470974735113, 40.557118770947696], [-74.20462977346969, 40.557080804931175], [-74.20492823907327, 40.557205489722016]], [[-74.20457758295132, 40.5570544811751], [-74.2043132972171, 40.556896597007764], [-74.20440667329153, 40.556957886712766], [-74.20450404599391, 40.557015444718225], [-74.20457758295132, 40.5570544811751]], [[-74.20369556097572, 40.55634601856391], [-74.20398449944136, 40.55661748457396], [-74.20384426412379, 40.556485728266125], [-74.20369556097572, 40.55634601856391]], [[-74.2031482596878, 40.55606178512054], [-74.20358414233537, 40.55624965909996], [-74.20352092982267, 40.556207122276504], [-74.20345329012355, 40.55616875083649], [-74.20338169349856, 40.55613481177122], [-74.20330663812395, 40.55610554105391], [-74.20322864603428, 40.556081142270386], [-74.2031482596878, 40.55606178512054]], [[-74.20301604776004, 40.5560284435281], [-74.20292611460724, 40.55600813886871], [-74.2031482596878, 40.55606178512054], [-74.20301604776004, 40.5560284435281]], [[-74.20274782018015, 40.555971375882244], [-74.20274782018015, 40.55597137588228], [-74.20283643754388, 40.555989086555705], [-74.20274782018015, 40.555971375882244]], [[-74.20181469931288, 40.55587215753881], [-74.20181469931279, 40.55587215753886], [-74.20220831117332, 40.55589290807835], [-74.20181469931288, 40.55587215753881]], [[-74.20103876068454, 40.555971026984345], [-74.20136435210263, 40.55590688801616], [-74.20095523626478, 40.55599413347445], [-74.20103876068454, 40.555971026984345]], [[-74.20062607183324, 40.55613226241418], [-74.2006260718332, 40.55613226241424], [-74.20071605744648, 40.55608509800378], [-74.20062607183324, 40.55613226241418]], [[-74.19891429254399, 40.55771309531272], [-74.20005953925649, 40.55657794094963], [-74.19946683259181, 40.5571811810786], [-74.19891429254399, 40.55771309531272]], [[-74.19369846761379, 40.56232685459654], [-74.19369846761379, 40.56232685459657], [-74.19369851643168, 40.562326827278795], [-74.19369846761379, 40.56232685459654]], [[-74.19352950290485, 40.562425378915485], [-74.19352912548528, 40.56242559583281], [-74.19344606525337, 40.5624695273524], [-74.19352950290485, 40.562425378915485]], [[-74.19271901119112, 40.562653307528336], [-74.19298216577072, 40.56264428236518], [-74.19306066113964, 40.56263090382108], [-74.19271901119112, 40.562653307528336]], [[-74.19238517334001, 40.562585294466345], [-74.19146951259333, 40.56251788274131], [-74.19132840987079, 40.56253327158027], [-74.19118886379862, 40.56255542838417], [-74.19113119130851, 40.562567529346246], [-74.19238517334001, 40.562585294466345]], [[-74.19065725690967, 40.562709567338665], [-74.19065725690967, 40.56270956733869], [-74.19103217925218, 40.56258932184004], [-74.19065725690967, 40.562709567338665]], [[-74.19024124540381, 40.5630766846765], [-74.19024124540381, 40.56307668467654], [-74.19027321331097, 40.56304127104643], [-74.19024124540381, 40.5630766846765]], [[-74.18965655024928, 40.56350449200174], [-74.18982494759805, 40.563414152657835], [-74.18997972996688, 40.563311606893656], [-74.18965655024928, 40.56350449200174]], [[-74.18929075152977, 40.56364274233541], [-74.18929075152971, 40.563642742335446], [-74.18939215299844, 40.56360922086503], [-74.18929075152977, 40.56364274233541]], [[-74.18684683253105, 40.56418968829949], [-74.18727385838547, 40.56405747119287], [-74.18851012111477, 40.56380810375938], [-74.18727385838552, 40.56405747119283], [-74.18684683253105, 40.56418968829949]], [[-74.18677791428613, 40.56420873782099], [-74.18627499907069, 40.5643310339214], [-74.18684683253105, 40.56418968829949], [-74.18677791428613, 40.56420873782099]], [[-74.18627499907069, 40.5643310339214], [-74.18580536272323, 40.56441899398521], [-74.18570161019294, 40.564438622315244], [-74.1860475002285, 40.564378986706004], [-74.18627499907069, 40.5643310339214]], [[-74.18538925277718, 40.56451074712681], [-74.18525395887455, 40.56454935521816], [-74.18552638586533, 40.5644761181737], [-74.18538925277718, 40.56451074712681]], [[-74.18492310960241, 40.564763999919975], [-74.18492310960244, 40.564763999919975], [-74.18497099023037, 40.564733888981365], [-74.18492310960241, 40.564763999919975]], [[-74.18439606673734, 40.56505598425243], [-74.18439606673725, 40.56505598425248], [-74.18454600655929, 40.56497815764291], [-74.18439606673734, 40.56505598425243]], [[-74.18421283745042, 40.56514494727739], [-74.18383608416063, 40.5653098179843], [-74.183623708385, 40.56536826481549], [-74.18421283745042, 40.56514494727739]], [[-74.183623708385, 40.56536826481549], [-74.18340311678602, 40.56540496305698], [-74.18318459678406, 40.565450094885925], [-74.18340311678597, 40.56540496305701], [-74.18351420416715, 40.56538938117239], [-74.183623708385, 40.56536826481549]], [[-74.18318459678406, 40.565450094885925], [-74.18225953167808, 40.565472350733906], [-74.18159556385048, 40.56531796213426], [-74.18318459678406, 40.565450094885925]], [[-74.18159556385048, 40.56531796213426], [-74.17794544142512, 40.56398336711049], [-74.17758036657031, 40.563755440905766], [-74.17794544142505, 40.56398336711053], [-74.18159556385048, 40.56531796213426]], [[-74.17583673620115, 40.56303940053803], [-74.17583673620113, 40.56303940053803], [-74.17602993274251, 40.56308083591226], [-74.17583673620115, 40.56303940053803]], [[-74.1213881534412, 40.5722236682544], [-74.12135751758686, 40.57237271792609], [-74.1213575419864, 40.572372611912925], [-74.1213881534412, 40.5722236682544]], [[-74.12309848331728, 40.570167587667235], [-74.12309848331728, 40.570167587667264], [-74.12315476354698, 40.57009085105764], [-74.12309848331728, 40.570167587667235]], [[-74.12338018042826, 40.56992568473639], [-74.12338018042826, 40.56992568473644], [-74.12345152970728, 40.569920532933075], [-74.12354240008374, 40.56986017114852], [-74.12338018042826, 40.56992568473639]], [[-74.12489904218616, 40.56894914294893], [-74.12418560233576, 40.56942453823272], [-74.12362385145347, 40.569805511266026], [-74.12418560233576, 40.56942453823276], [-74.12489904218616, 40.56894914294893]], [[-74.11430477160783, 40.56594740157375], [-74.11376161129486, 40.56649719011013], [-74.11467288882936, 40.565587856314856], [-74.11430477160783, 40.56594740157375]], [[-74.10390830662473, 40.56102967366477], [-74.10390830662473, 40.56102967366479], [-74.10400396978574, 40.56109119720091], [-74.10390830662473, 40.56102967366477]], [[-74.1919030365337, 40.576588316033295], [-74.19195012998995, 40.57657595791984], [-74.19195012998992, 40.576575957919836], [-74.1919030365337, 40.576588316033295]], [[-74.1903770195567, 40.576318523909435], [-74.19054944443518, 40.576298441372664], [-74.1903546124085, 40.576321131284104], [-74.1903770195567, 40.576318523909435]], [[-74.10386985493855, 40.56750065018959], [-74.10208938197017, 40.56664840415789], [-74.105472944255, 40.56825534317029], [-74.10386985493855, 40.56750065018959]], [[-74.10660439327334, 40.56877826927169], [-74.10874017878626, 40.569916494851874], [-74.105472944255, 40.56825534317029], [-74.10660439327334, 40.56877826927169]], [[-74.107506273796, 40.571087759255235], [-74.10649441663709, 40.572112044238374], [-74.10637576995441, 40.57222437058479], [-74.10649441663716, 40.572112044238374], [-74.10750627379606, 40.571087759255235], [-74.10813715421682, 40.570490915420386], [-74.107506273796, 40.571087759255235]], [[-74.10567170487106, 40.572507833303135], [-74.10524290289504, 40.57309404056202], [-74.1060435258246, 40.572064179625265], [-74.10567170487106, 40.572507833303135]], [[-74.10470979010056, 40.574005940076205], [-74.10470979010059, 40.57400594007622], [-74.10524290289504, 40.57309404056202], [-74.10470979010056, 40.574005940076205]], [[-74.08946252460164, 40.57160934570969], [-74.08941764504283, 40.57172078419632], [-74.08970621251122, 40.57136298824119], [-74.08946252460164, 40.57160934570969]], [[-74.08881407610365, 40.57232494656656], [-74.0891785696124, 40.57194728972047], [-74.08879906082517, 40.57234050474072], [-74.08881407610365, 40.57232494656656]], [[-74.08871950211514, 40.57241223474736], [-74.08874251188692, 40.5723936604959], [-74.0885732302846, 40.572527868617385], [-74.08871950211514, 40.57241223474736]], [[-74.08822445689846, 40.57276994357643], [-74.08791939099869, 40.57294944518508], [-74.08778170962385, 40.57301917412056], [-74.08822445689846, 40.57276994357643]], [[-74.08769737508021, 40.573061884544], [-74.08769737508023, 40.573061884544025], [-74.08778170962385, 40.57301917412056], [-74.08769737508021, 40.573061884544]], [[-74.07781206356893, 40.60606918434686], [-74.0778032605216, 40.60606931595313], [-74.07781206356894, 40.60606918434686], [-74.07781206356893, 40.60606918434686]], [[-74.09160388547399, 40.60788297336821], [-74.09187212136533, 40.607568369137965], [-74.09153515752206, 40.607991667079546], [-74.09160388547399, 40.60788297336821]], [[-74.09203043406072, 40.60742604059809], [-74.09239912791502, 40.60707229070296], [-74.09249749239818, 40.60694385060927], [-74.09239912791497, 40.60707229070296], [-74.09203043406072, 40.60742604059809]], [[-74.09264560135311, 40.606662722835864], [-74.09269213739418, 40.60651384758561], [-74.09264555469532, 40.60666283980882], [-74.09264560135311, 40.606662722835864]], [[-74.0927190800052, 40.60636222305382], [-74.09271909195756, 40.60636212420198], [-74.09269213739418, 40.60651384758561], [-74.0927190800052, 40.60636222305382]], [[-74.0927138017983, 40.60605936363162], [-74.09272620591977, 40.60620985743855], [-74.09272620591977, 40.60620985743853], [-74.0927138017983, 40.60605936363162]], [[-74.09258665798656, 40.60514053596943], [-74.09268272542646, 40.6059124509051], [-74.09262561797466, 40.60545055411256], [-74.09258665798656, 40.60514053596943]], [[-74.09244145186298, 40.604119586451404], [-74.09244145186298, 40.60411958645142], [-74.09258665798656, 40.60514053596943], [-74.09244145186298, 40.604119586451404]], [[-74.09285575060109, 40.60172180762627], [-74.09285575060112, 40.60172180762627], [-74.09286604535475, 40.601684788032344], [-74.09285575060109, 40.60172180762627]], [[-74.09289641771673, 40.60154165155519], [-74.09289641771676, 40.601541651555195], [-74.09290247089952, 40.60145775266127], [-74.09289641771673, 40.60154165155519]], [[-74.09290036361645, 40.60135887271744], [-74.09290036361642, 40.60135887271743], [-74.09290300713769, 40.60145032024234], [-74.09290036361645, 40.60135887271744]], [[-74.09245256633456, 40.600598979036434], [-74.09286749516102, 40.6011777935332], [-74.09283746490829, 40.601089234006665], [-74.09245256633456, 40.600598979036434]], [[-74.09227904247042, 40.600345410737646], [-74.09197184759611, 40.599824264320105], [-74.09179892333314, 40.599318211151136], [-74.09172051432101, 40.59922085751381], [-74.09171957120995, 40.599096468242124], [-74.09227904247042, 40.600345410737646]], [[-74.09256539475798, 40.597687451738636], [-74.0917825730082, 40.59871923931153], [-74.09175968467322, 40.59880164496076], [-74.09174177486702, 40.59888476356059], [-74.09172888124256, 40.598968420452465], [-74.09256539475798, 40.597687451738636]], [[-74.09806838986275, 40.59488152092699], [-74.09806838986279, 40.59488152092699], [-74.0982733307633, 40.59476096995925], [-74.09806838986275, 40.59488152092699]], [[-74.10010059969862, 40.593654372648366], [-74.10040939770236, 40.5933501714741], [-74.10053674763957, 40.59318492962258], [-74.1006487649102, 40.593013025682474], [-74.10064886202811, 40.593012866947106], [-74.10010059969862, 40.593654372648366]], [[-74.10064886202811, 40.593012866947106], [-74.1007447330956, 40.59283543802781], [-74.10074480747247, 40.59283529203025], [-74.10064894814342, 40.593012698839736], [-74.10064886202811, 40.593012866947106]], [[-74.10074486254597, 40.59283517644821], [-74.10082403365277, 40.59265332888999], [-74.10074493835623, 40.59283499975857], [-74.10074486254597, 40.59283517644821]], [[-74.10097579598359, 40.591832234354065], [-74.10090957275135, 40.59102161430846], [-74.10097505258949, 40.592010759373], [-74.10097579598359, 40.591832234354065]], [[-74.1008825150878, 40.59017921614526], [-74.10088251508785, 40.59017921614526], [-74.10149482213728, 40.58934426100513], [-74.1008825150878, 40.59017921614526]], [[-74.10207989986365, 40.58874175219419], [-74.10246256531208, 40.58839633614406], [-74.10149482213728, 40.58934426100513], [-74.10207989986365, 40.58874175219419]], [[-74.10246256531208, 40.58839633614406], [-74.10282423828173, 40.58806986573912], [-74.10290435033761, 40.58799755090033], [-74.10246256531208, 40.58839633614406]], [[-74.10329323404571, 40.587646511383205], [-74.10317352446438, 40.587754572316165], [-74.10328237864705, 40.58765631047256], [-74.10329323404571, 40.587646511383205]], [[-74.06128969963596, 40.599748975368286], [-74.06192002516761, 40.599542241190505], [-74.06115155842069, 40.59979428225946], [-74.06128969963596, 40.599748975368286]], [[-74.06192002516761, 40.599542241190505], [-74.06284072830226, 40.59923760022815], [-74.06349131781899, 40.59902318814569], [-74.06192002516761, 40.599542241190505]]], [[[-74.05002620092776, 40.56531818112419], [-74.05104913109625, 40.5667381184917], [-74.04923629842082, 40.565362736870895], [-74.05002620092776, 40.56531818112419]]], [[[-74.05406044939913, 40.57711644574164], [-74.05489778210803, 40.577782440920004], [-74.05484560052173, 40.57994579142779], [-74.05368629150418, 40.5805487596146], [-74.05293190639816, 40.57990247466604], [-74.05314036821026, 40.577702714540756], [-74.05406044939913, 40.57711644574164]]], [[[-74.00227648467225, 40.59433458001214], [-74.00557303710919, 40.59756861282095], [-74.01124278457596, 40.60087126319372], [-74.01472837011984, 40.602065911342756], [-74.0191356390289, 40.60261275450514], [-74.02101662969248, 40.60355555318717], [-74.03005146547684, 40.604759173812155], [-74.03603977712005, 40.60929563967238], [-74.03695540966929, 40.61125601092759], [-74.0401309258418, 40.614791910665474], [-74.04161740773601, 40.62056271454592], [-74.04189435983706, 40.624318219109085], [-74.04106467060313, 40.630191782656595], [-74.03680662048852, 40.638984221545684], [-74.03876297920756, 40.63958825898071], [-74.0367248437491, 40.63914119070946], [-74.03571276150703, 40.640640153544076], [-74.0367030786914, 40.64168561987419], [-74.03407329294261, 40.644313932964096], [-74.03229711356427, 40.64358131402034], [-74.03051830863373, 40.64527442420405], [-74.02908090885776, 40.64440359693054], [-74.02915418994552, 40.6445814459223], [-74.02886241061056, 40.64486602372336], [-74.02820569545007, 40.64401598289046], [-74.0260494840032, 40.64626135032635], [-74.02974078211051, 40.648486025708], [-74.02938990486598, 40.64880405461148], [-74.02507111364082, 40.646725615876186], [-74.0241456605057, 40.64761510126002], [-74.0251291195524, 40.64832318145743], [-74.02553864578064, 40.649782159850815], [-74.02484436363463, 40.650599638559754], [-74.02605133196799, 40.6509943007433], [-74.02552971543656, 40.65147855069301], [-74.02477160495674, 40.65068770743557], [-74.0242402134753, 40.65113351631357], [-74.02541604028593, 40.65193380685525], [-74.02285141795983, 40.65116919516191], [-74.02536890150519, 40.652721436927436], [-74.0212465237341, 40.650834972564496], [-74.02233734666851, 40.651910605884375], [-74.02089862870834, 40.65124727521847], [-74.02380703903108, 40.65304472800908], [-74.02195900090581, 40.652222781468346], [-74.0211867002789, 40.65283983689552], [-74.02320464661133, 40.654096116315586], [-74.02162946295482, 40.653645164713645], [-74.02114963484493, 40.65421075521175], [-74.02164486415359, 40.65487898237747], [-74.01872686588685, 40.65347431052458], [-74.01811897810481, 40.653885271105544], [-74.02005182454282, 40.65533594837208], [-74.01787407223816, 40.65406150233102], [-74.01715319581027, 40.65477510436229], [-74.01980081651999, 40.65648721058484], [-74.01665047959762, 40.65533879657235], [-74.01910843803122, 40.657368884303644], [-74.01860569460999, 40.65784587402304], [-74.01585370056803, 40.656213239550404], [-74.01543632269649, 40.656632396759846], [-74.01774232727507, 40.65809891722771], [-74.01768549175469, 40.6584529927614], [-74.01504738221857, 40.656950386693595], [-74.01442130484553, 40.65760802195157], [-74.01745803087904, 40.6594501973869], [-74.01554165388995, 40.66075835497372], [-74.01183861990557, 40.65891283727497], [-74.0111075041031, 40.659706274580806], [-74.01402247678024, 40.661529747440255], [-74.01265358811494, 40.66198165403776], [-74.0085995696829, 40.65952092309843], [-74.00745858163896, 40.66055847621009], [-74.01037201297213, 40.66239887922756], [-74.00955074142036, 40.66326769413055], [-74.00428358250127, 40.661444894604045], [-74.00622698247925, 40.662787827861145], [-74.0034880110065, 40.66224055612868], [-74.00599748682693, 40.66325861082871], [-74.0056134868175, 40.66345839025494], [-74.00767434594506, 40.66479110926594], [-74.0060460851898, 40.66384000563571], [-74.00564140754474, 40.66453149089081], [-74.00565025959585, 40.66390033784394], [-74.00362862442566, 40.662734847032176], [-74.00528132177341, 40.664657003524155], [-74.00486193792659, 40.665064821938365], [-74.00113519509658, 40.662901723050105], [-73.99953152609916, 40.66439748543451], [-74.00292463516385, 40.666462311660986], [-73.99998149339123, 40.66745027440626], [-73.9990260099839, 40.66844297212715], [-73.99876940970907, 40.671602047105175], [-74.00030337808879, 40.66871689249724], [-74.00221506816538, 40.66857863744141], [-74.00289483876944, 40.66734846594961], [-74.0058636618068, 40.66799376258587], [-74.00683635643335, 40.66605609592466], [-74.00696398993624, 40.66605139979079], [-74.00475388692325, 40.670721358945194], [-74.00543926529352, 40.670921468238674], [-74.00754821618384, 40.66705174573376], [-74.00708724287807, 40.66859135803337], [-74.00985411855622, 40.66852362833563], [-74.01154017543327, 40.66508591975687], [-74.01574872882642, 40.66456833578927], [-74.01690267361069, 40.66484660233906], [-74.0178871914939, 40.66585046628554], [-74.01857605010876, 40.67039241387013], [-74.01933946871777, 40.671624948422796], [-74.0175103708668, 40.67103453048172], [-74.01648665554497, 40.664930508953994], [-74.0159369853455, 40.66547079172169], [-74.012279678728, 40.66573241466164], [-74.01033845947936, 40.6690781954482], [-74.01154288031555, 40.669784342247965], [-74.01162527521356, 40.67058102827607], [-74.01424926931885, 40.669728605239904], [-74.01175350509682, 40.67065775657339], [-74.01427407257732, 40.67137929918199], [-74.01519980570059, 40.67075402716193], [-74.01387273763245, 40.671880761760626], [-74.01423289386774, 40.67213000051333], [-74.01568625497515, 40.671038834929035], [-74.01297587792189, 40.673327918721135], [-74.01336378218154, 40.67359153743714], [-74.01511918663974, 40.67215699647189], [-74.01632099856305, 40.6729082700666], [-74.01457946720949, 40.674414017071776], [-74.01496392184586, 40.674677630796985], [-74.01816839214773, 40.67193924060138], [-74.01880094776905, 40.672250764346316], [-74.01727138470127, 40.673608645805764], [-74.01801077320536, 40.67391318105255], [-74.01783447572701, 40.67525822351707], [-74.01888511760623, 40.67508776523673], [-74.01789718865474, 40.676444387963784], [-74.01976925613235, 40.676613224917496], [-74.01995197798658, 40.67710301045033], [-74.01843040661592, 40.67790832085988], [-74.01841103183156, 40.67840712127861], [-74.01966312651513, 40.678388201773366], [-74.01827026139368, 40.67855421845979], [-74.01954787778762, 40.67897944591442], [-74.01899105339405, 40.67990499420677], [-74.0128200026682, 40.683622416497656], [-74.01213481688782, 40.68290592752274], [-74.01410549647974, 40.6817125193757], [-74.01301835422089, 40.68041237351195], [-74.00967108558879, 40.6832687277152], [-74.01077312339376, 40.68435861554113], [-74.01178272201219, 40.68375999600209], [-74.01217596614644, 40.684095186131245], [-74.00835446532169, 40.6864001997483], [-74.00588224095202, 40.68619576889382], [-74.00562986242365, 40.68678420604387], [-74.00783293766679, 40.687385055162935], [-74.00742012154092, 40.6882062904361], [-74.00500373227042, 40.68760598540112], [-74.00459270367709, 40.68821522298688], [-74.00678438439806, 40.688826879958455], [-74.00636461225267, 40.68966966913975], [-74.00382038787677, 40.68892964469957], [-74.00340921492469, 40.689613261160325], [-74.00297565282497, 40.69042657592095], [-74.00096156810918, 40.690128768350306], [-74.00069905775847, 40.69061185841928], [-74.00479415294552, 40.69176162037463], [-74.00440941259978, 40.69252880089208], [-74.0019693846005, 40.69184320932286], [-74.00179839760033, 40.69227001601038], [-74.00174362045013, 40.69240674970571], [-74.00400795971098, 40.69320819963255], [-74.00345348490625, 40.694051630671524], [-74.00127014902638, 40.693296062679124], [-74.00095868350955, 40.6940690835824], [-74.00301393697016, 40.694777844479354], [-74.00239802583796, 40.69571165536724], [-74.00026872245725, 40.69496580308072], [-73.99887207177386, 40.69692378457437], [-73.99799957452076, 40.69879768554446], [-74.00001840433615, 40.69946604807386], [-73.99947463838915, 40.70032277751597], [-73.99716054155857, 40.69979281264432], [-73.99669768931422, 40.700876976917264], [-73.99813879899439, 40.7015187882486], [-73.9961922722873, 40.70337714136688], [-73.99513826774651, 40.70297411472304], [-73.99477614265385, 40.70424586155513], [-73.99350881403605, 40.70462350527417], [-73.99094755284747, 40.7040324426419], [-73.99022721196006, 40.70493404448727], [-73.9883033220854, 40.704540468452656], [-73.988289991113, 40.70507065849526], [-73.9824228717988, 40.70582205494961], [-73.97846557848965, 40.70556222186459], [-73.97885303360711, 40.70606553528473], [-73.97834474852856, 40.70599996549035], [-73.97859313620114, 40.70497858464557], [-73.97802067326639, 40.70429096695891], [-73.97721196339239, 40.70421392662441], [-73.9771356262538, 40.70300558190529], [-73.97596096344837, 40.704715506440714], [-73.97692749188334, 40.70279782090314], [-73.97615937292022, 40.70217128035703], [-73.97532987393983, 40.70295192433845], [-73.97600587845464, 40.70194613327937], [-73.97455023388389, 40.701590343299806], [-73.97571751799785, 40.69957091269129], [-73.97411513992559, 40.70130527041449], [-73.97239201397458, 40.70016632275242], [-73.97375700647162, 40.70153413888184], [-73.97318676670898, 40.701669803673866], [-73.97078200587988, 40.69997866301143], [-73.9733245610394, 40.70241265601088], [-73.97283512788735, 40.70272874074414], [-73.96982556493471, 40.70024507087059], [-73.96948655152046, 40.70051906125815], [-73.97283889974953, 40.70334642860205], [-73.96924539207357, 40.701364741883694], [-73.96898517428941, 40.7017470892893], [-73.9723124627609, 40.70384454004135], [-73.97101963118513, 40.70381561368652], [-73.9746556960804, 40.70607426299439], [-73.97339230539568, 40.70573321113888], [-73.97254880057818, 40.70620449000396], [-73.97462966604422, 40.70768106076842], [-73.97423616968535, 40.70802438612255], [-73.9710965548913, 40.7058500560558], [-73.97105692306182, 40.706946433816846], [-73.97275756998377, 40.708831278547805], [-73.97232032073738, 40.709082884309396], [-73.97026218532285, 40.70688750428424], [-73.970180755728, 40.70492927056703], [-73.96751516691091, 40.70343735687828], [-73.9674767449303, 40.703949870956436], [-73.96929693837689, 40.70508833173243], [-73.96960541242258, 40.710270844377234], [-73.97006904814343, 40.71044775547741], [-73.96937429888523, 40.711020666565425], [-73.96990773027578, 40.71126812183884], [-73.96931038443972, 40.71110785338401], [-73.96846973258967, 40.712824709346094], [-73.96884924750051, 40.71321254596024], [-73.96659690266586, 40.71796798189279], [-73.96730741474404, 40.71831306668176], [-73.96656241831437, 40.71801586680629], [-73.96575996467396, 40.718689035281855], [-73.96663600829616, 40.71913014321545], [-73.96651453667191, 40.71943097474466], [-73.96574267076741, 40.71870687777715], [-73.9651195032813, 40.719226894499926], [-73.96559823311401, 40.720744458402685], [-73.96438190757165, 40.72013942466021], [-73.96495059736658, 40.72142418210708], [-73.96420193010492, 40.72065389425693], [-73.96296566336947, 40.72203447712286], [-73.96207271877786, 40.72388030090552], [-73.96247195112899, 40.72417498927368], [-73.96200744732944, 40.72399190160773], [-73.96165984235257, 40.72486045496563], [-73.96211461478755, 40.72514806339883], [-73.957719948119, 40.72428497360926], [-73.95842611843923, 40.72540053583232], [-73.96161518769874, 40.725865563073995], [-73.96115093253582, 40.72953620577599], [-73.96140171917793, 40.73011102561102], [-73.96254933952301, 40.72974406834934], [-73.96128450656241, 40.730159062203924], [-73.96142843631839, 40.73094639311274], [-73.96167446706346, 40.73148125455785], [-73.96365939232885, 40.73124981148223], [-73.96369938139036, 40.73143662006002], [-73.96171289348565, 40.73156611484999], [-73.9620903444991, 40.73450799787379], [-73.95837507902785, 40.73809694936886], [-73.95466321499985, 40.73912795363713], [-73.95038748197699, 40.73828483712585], [-73.94652352854825, 40.73692685345575], [-73.94706532915387, 40.734401992819414], [-73.94659806707352, 40.734442224347475], [-73.9462474829688, 40.73616616572973], [-73.94499908889487, 40.73643669371279], [-73.94503299031923, 40.73542861568352], [-73.94439089670917, 40.73625873714171], [-73.94173819523785, 40.73495071791742], [-73.93981322625451, 40.73115268891224], [-73.93810334960666, 40.729728519521515], [-73.92958020690816, 40.72761282121143], [-73.92849418540158, 40.72661460330805], [-73.92561470516611, 40.72006166221263], [-73.92481798943687, 40.72026513747552], [-73.92453854985803, 40.71934258020472], [-73.92493181378997, 40.71840582874961], [-73.92887965180016, 40.717720318623755], [-73.92970539915328, 40.717049279389364], [-73.92947356855397, 40.71572145262093], [-73.93222529811959, 40.71493579746104], [-73.93124067059496, 40.71372481088489], [-73.93264621458849, 40.71303927179564], [-73.93203262980515, 40.71159022307447], [-73.93338484615303, 40.71123372774584], [-73.9319010185475, 40.71133847193062], [-73.93050100083141, 40.70868122554233], [-73.93154613746852, 40.711855351751296], [-73.93077894737053, 40.712160427955716], [-73.93161032734933, 40.71203802217797], [-73.9318424949342, 40.71262723799079], [-73.93042294313013, 40.71317255917382], [-73.93085190134036, 40.71490298559298], [-73.92843881814578, 40.71553094957593], [-73.92871111320434, 40.7168497463626], [-73.92427585871782, 40.7177806075765], [-73.92305500014393, 40.71634266429097], [-73.92488553507532, 40.71526718815534], [-73.92404011528305, 40.714008327985084], [-73.92412241575497, 40.71513804844535], [-73.92352547251028, 40.71561660887061], [-73.92064258940599, 40.71577319202898], [-73.9222376112428, 40.71638244099685], [-73.92346602654162, 40.71813033432244], [-73.92424364921007, 40.72142949875874], [-73.92519985799312, 40.72243959771094], [-73.92442298754985, 40.7235899749812], [-73.9203706423579, 40.72368111281607], [-73.92490316165183, 40.72450657567162], [-73.92923485876166, 40.72826016576123], [-73.93453176375739, 40.729104806032566], [-73.93804478507167, 40.73050996784624], [-73.94162472636474, 40.73584144233838], [-73.94594095987176, 40.73750507705672], [-73.94146173397093, 40.73924858362698], [-73.94065002969262, 40.73891742164411], [-73.93996324499645, 40.738641356898164], [-73.9386796880222, 40.73820830246161], [-73.94146173397083, 40.739248583627024], [-73.9385878697674, 40.74293088319027], [-73.9400192297566, 40.743208272210936], [-73.93965301521378, 40.74273108709586], [-73.94118816630176, 40.74029021728921], [-73.94270608992144, 40.73911506247626], [-73.94715087181176, 40.73790012334491], [-73.95379878808706, 40.73981986527213], [-73.9574147069991, 40.739556582011495], [-73.96072580373679, 40.73808017017932], [-73.96260819684821, 40.73879553796766], [-73.96220916425703, 40.74000617549806], [-73.96124697945442, 40.74042359711535], [-73.96193749932249, 40.740794878815585], [-73.96121862785935, 40.74110786013018], [-73.96119029722934, 40.74264485525967], [-73.95977470797789, 40.74350468420323], [-73.96064863700711, 40.74413031761426], [-73.95963225023921, 40.74393463241688], [-73.9593910660958, 40.74428332424144], [-73.95972855228639, 40.74427211561957], [-73.96015525451605, 40.74436878260551], [-73.96012600962418, 40.74444393648907], [-73.95877537004449, 40.74455560036616], [-73.95963675067827, 40.745203169235694], [-73.95849389303115, 40.74498786491641], [-73.95933786844711, 40.74550760689611], [-73.95850227459358, 40.745764973715396], [-73.95914371692966, 40.7460006031761], [-73.95768831843425, 40.748535026871835], [-73.95704097276808, 40.7489203513766], [-73.95318382492817, 40.74773481246369], [-73.95632162509689, 40.74908155342994], [-73.95576039140944, 40.749596659530376], [-73.95620136735029, 40.749685633323665], [-73.9550665256012, 40.74963273087819], [-73.95449858097594, 40.75122583574061], [-73.94131174875348, 40.76691800476947], [-73.93489533894557, 40.7700418628897], [-73.93500813872274, 40.771162394364154], [-73.93443525743177, 40.771462362333594], [-73.93746638537077, 40.772531495125364], [-73.93785811756666, 40.77408756897285], [-73.93638022751426, 40.77692145656245], [-73.93508232426035, 40.777944233727574], [-73.93178834239043, 40.777870607104624], [-73.92988058500086, 40.776221631902025], [-73.92487344481695, 40.7786256050118], [-73.91996458704807, 40.7826350690386], [-73.91796581369782, 40.78125629196727], [-73.91996458704803, 40.78263506903863], [-73.91717118646426, 40.7841934843716], [-73.91683276950292, 40.785191392487086], [-73.91259985845355, 40.78937632963354], [-73.91094297412123, 40.789755043755875], [-73.90985862925706, 40.79094549428462], [-73.90032629743816, 40.78900766282588], [-73.8959296297551, 40.78564894431402], [-73.89876162661416, 40.78274894638468], [-73.90114577552033, 40.78271110659338], [-73.90267677081138, 40.780352571544306], [-73.9012912761892, 40.78185841927053], [-73.89865437844033, 40.78199542032102], [-73.89432496929948, 40.78423973855903], [-73.89606377738343, 40.78315720230798], [-73.89477429053531, 40.78225359249442], [-73.89542197971655, 40.78171777101649], [-73.8953575056752, 40.781657657133636], [-73.89460091774579, 40.78225315898151], [-73.89534447842289, 40.781585566311456], [-73.89416469090781, 40.78247204670663], [-73.89306090692054, 40.78184828970733], [-73.89230750203565, 40.78246604207649], [-73.89274917876409, 40.78296570668492], [-73.89165459123632, 40.78219478203344], [-73.89300986180193, 40.78179802356241], [-73.89167103754534, 40.780854854131476], [-73.89254018145542, 40.77955183427164], [-73.89166859702924, 40.77949253890751], [-73.89119589704309, 40.77856328838987], [-73.8925225986081, 40.77740462949181], [-73.8914160577009, 40.77633895673577], [-73.89183244772168, 40.774880200557824], [-73.89112044207172, 40.77712470023755], [-73.89017369508576, 40.777850812778034], [-73.88947105399582, 40.77553555197257], [-73.89019171520577, 40.77364687672779], [-73.88562650739915, 40.7744376392897], [-73.88578473697669, 40.774024712164724], [-73.88408262463024, 40.774104480143556], [-73.88483742391051, 40.77495298074588], [-73.88428830552827, 40.775483096534344], [-73.88541287251148, 40.77965996003542], [-73.87870562518967, 40.78058590944772], [-73.87930868295156, 40.78185365833256], [-73.87885837485491, 40.78239817918395], [-73.87974777853677, 40.7828365637047], [-73.8797016367226, 40.78288281807247], [-73.87883146781734, 40.782430714494545], [-73.87833923297961, 40.783025921252175], [-73.87515754893558, 40.78150944864829], [-73.8712485624251, 40.78603815125518], [-73.86978081192638, 40.785337933326005], [-73.86809912257888, 40.787458661818576], [-73.86987007434347, 40.7850859070684], [-73.86943751657189, 40.783638399311336], [-73.86860526184714, 40.78380915092564], [-73.86849564179217, 40.78367366917798], [-73.8694234479541, 40.78359131491797], [-73.87232286918953, 40.781100761632636], [-73.87021910757322, 40.781247327370586], [-73.87255732673727, 40.780821121542765], [-73.85505106271819, 40.77219538998928], [-73.85646272989406, 40.77027306132644], [-73.85788340878094, 40.77065971113753], [-73.85803884070337, 40.77020352270565], [-73.85624565746282, 40.76888571369662], [-73.85704790262325, 40.76913955544647], [-73.85937510429778, 40.76707532894287], [-73.86275490196977, 40.766764524925975], [-73.85949072401303, 40.76256261539926], [-73.8589229818273, 40.76212234551656], [-73.85864510487953, 40.7625143959092], [-73.8588437150636, 40.76205876627676], [-73.85765473616335, 40.763079822848724], [-73.85850081255474, 40.763376432580095], [-73.85834319309086, 40.76356256045556], [-73.85763896535913, 40.76309944863398], [-73.85696355939805, 40.76407442786328], [-73.85758285470597, 40.76307290112933], [-73.85658675388665, 40.762722840616995], [-73.85760424037187, 40.763053281789155], [-73.85817631070529, 40.762396294224025], [-73.85661195813547, 40.76164954175432], [-73.85819433132532, 40.76237410798473], [-73.85858526218242, 40.761917009098845], [-73.85466366458898, 40.760171169562284], [-73.85069053065462, 40.75944879109056], [-73.84930110814338, 40.76024287535016], [-73.84987484496263, 40.76110381244604], [-73.85207200177848, 40.76039288467229], [-73.84981162475142, 40.761270974008326], [-73.84858834617538, 40.760179563591], [-73.84306961203558, 40.76359256915301], [-73.84272819396486, 40.76462854893189], [-73.83957826853546, 40.7652523229732], [-73.83913189197197, 40.76599110607021], [-73.83959072609815, 40.76711082471921], [-73.84031170315286, 40.76629479789859], [-73.84448895884205, 40.76545960258414], [-73.84780575104429, 40.76677294817186], [-73.84862313819268, 40.76811397427409], [-73.84819270803452, 40.76848035983155], [-73.84899656302136, 40.76914831350337], [-73.84846616773545, 40.769726441506144], [-73.84867152868738, 40.77076157340527], [-73.84994241882978, 40.771927193260055], [-73.85033808818412, 40.77174366904152], [-73.85130108374364, 40.771806361300385], [-73.84995162517421, 40.771958298374656], [-73.848976198672, 40.77356166795714], [-73.84896802544583, 40.77802221319433], [-73.84993353296062, 40.778769123883734], [-73.84963968933046, 40.77948327517693], [-73.85094705724252, 40.77906915543044], [-73.85148755480544, 40.778992977612575], [-73.84981720066122, 40.77963034755178], [-73.85235661936254, 40.7791693305225], [-73.84956325141238, 40.77987908266903], [-73.85169028085545, 40.77986750797579], [-73.84949381208203, 40.780065828616955], [-73.84988932081794, 40.7810891347986], [-73.8509364639654, 40.781119575156204], [-73.84988728063753, 40.78112151131705], [-73.84924675980245, 40.78225636532183], [-73.85528242786702, 40.78197538384753], [-73.85545062835031, 40.78314307863596], [-73.85645378741438, 40.783350925658794], [-73.85664951090608, 40.78289231927661], [-73.85808318103429, 40.783724078339276], [-73.8585252017042, 40.78521351878021], [-73.85946328082923, 40.785494852498516], [-73.85934860120071, 40.7850272494402], [-73.85950833484766, 40.7855349344499], [-73.85899048937476, 40.7854915984313], [-73.85814354176365, 40.787044321940265], [-73.85681133765593, 40.78667261319477], [-73.85593893894001, 40.787688734280515], [-73.85284230133762, 40.788211372242685], [-73.85480194733205, 40.7886191547261], [-73.8544719407123, 40.79025897531977], [-73.8526583069305, 40.791106420610525], [-73.85377854910706, 40.79242127400726], [-73.85373351593947, 40.79393537408612], [-73.85263098256245, 40.79494485424489], [-73.84906160768959, 40.793362610297805], [-73.84870999361341, 40.79541648129005], [-73.84624420656033, 40.79616309543732], [-73.84459915044435, 40.79491154987536], [-73.84354668938991, 40.79491394401068], [-73.8433063238692, 40.79550093348906], [-73.84284865256261, 40.795213401671006], [-73.84328497194205, 40.79617439268523], [-73.84280875175094, 40.79541822241238], [-73.84225959368347, 40.79558496893752], [-73.8428667525937, 40.79692222907211], [-73.84142122729111, 40.79514695145779], [-73.84129943545976, 40.79621966933019], [-73.8401393036446, 40.79687918783629], [-73.84041517909824, 40.79767843675542], [-73.83789967503849, 40.798508970181665], [-73.84025860809137, 40.797588858432334], [-73.83997099590049, 40.79690564189244], [-73.83840083077962, 40.79675525830704], [-73.83706498880147, 40.79385109892895], [-73.8365907861629, 40.79208255055193], [-73.83751566673905, 40.79101213010184], [-73.8375035888359, 40.79046166072565], [-73.83681814957045, 40.79046990635997], [-73.8374819140324, 40.79043449792194], [-73.83728049134785, 40.789009872422206], [-73.837134329894, 40.789564033517], [-73.83565808161079, 40.78957267098123], [-73.83292937171421, 40.78851811420333], [-73.83143767101274, 40.78917835199122], [-73.8321491450624, 40.790043439561], [-73.83137353382791, 40.79136894466217], [-73.82895035710122, 40.792014018810505], [-73.82851893011993, 40.79249423667804], [-73.8292317458574, 40.79300228767831], [-73.82791413746047, 40.79289359289096], [-73.82797171977278, 40.79479437041047], [-73.82880962943086, 40.796183767898675], [-73.82945157754541, 40.796658960557735], [-73.82994060847732, 40.79608347178978], [-73.83003294365191, 40.796135491726744], [-73.82947072470185, 40.796667939592695], [-73.82976585679138, 40.796832562475714], [-73.83028847001641, 40.796242260677225], [-73.83052227564221, 40.79639496990469], [-73.8299566400482, 40.79691231118515], [-73.82742422822851, 40.796748674971404], [-73.82673856166687, 40.79779624545315], [-73.82506496699438, 40.79737577656838], [-73.8239935653746, 40.79800962877643], [-73.82423318744837, 40.798695237893305], [-73.82385948384704, 40.79815413510484], [-73.82372348219178, 40.798899241360544], [-73.8232537105997, 40.7984695366711], [-73.82049919995312, 40.80101146781918], [-73.81720813882521, 40.79920728065819], [-73.81657109077604, 40.799413014079235], [-73.81611363334581, 40.79860807129583], [-73.81577416779662, 40.79902316306005], [-73.81607935134174, 40.798571558752556], [-73.81367907633053, 40.79754578841369], [-73.81369963725258, 40.79707941566529], [-73.81335317201021, 40.79766895646071], [-73.81350297416049, 40.796944258705935], [-73.812241844721, 40.79812582792799], [-73.81160781379997, 40.797372406880555], [-73.80636331452577, 40.796393605437856], [-73.80623135012517, 40.79681747708042], [-73.80539573274982, 40.79617082151353], [-73.8033995735722, 40.79691494023076], [-73.80346376409076, 40.79647441481299], [-73.8032054984747, 40.797076623643285], [-73.80257934475047, 40.79629544313626], [-73.80012861512657, 40.79644681983536], [-73.79459777358548, 40.79493777063352], [-73.79431655009991, 40.79358224455219], [-73.79494829166042, 40.79177628594321], [-73.79375837416907, 40.78907330211849], [-73.79338033504995, 40.78957839262078], [-73.79362007276177, 40.78899663724746], [-73.79286156729891, 40.78878964671413], [-73.79186139966966, 40.789299916453565], [-73.79074938042989, 40.788054674837404], [-73.79186139966954, 40.789299916453594], [-73.79028202353355, 40.79031696289745], [-73.78568101301406, 40.790340671660175], [-73.78253080663518, 40.79127678943212], [-73.78434152993464, 40.791749353793804], [-73.78160545881975, 40.79121792122347], [-73.78077892415659, 40.79318978636535], [-73.78166011422897, 40.79348202098081], [-73.7807243506961, 40.79333361949447], [-73.7807918191835, 40.79403591986164], [-73.78190385354903, 40.79490120389317], [-73.78325876098738, 40.794923914797835], [-73.77827066301263, 40.796725125731584], [-73.77617885887067, 40.79609605336164], [-73.77471814243852, 40.794859870630546], [-73.7723629609588, 40.79153820412905], [-73.77082315021427, 40.78798266706017], [-73.77426835992836, 40.78675665865362], [-73.77633728752417, 40.788487226255235], [-73.76820055460033, 40.779444179191145], [-73.76702392346498, 40.78008623415853], [-73.7667757037411, 40.77981245819599], [-73.76816173051576, 40.779396821242194], [-73.76510436820394, 40.77379903822068], [-73.75893512093695, 40.768334328516055], [-73.75864264358079, 40.767357170035645], [-73.75493674341264, 40.76609325213905], [-73.75219261536523, 40.763830418515276], [-73.7510743225256, 40.76176367133642], [-73.74861225072561, 40.76092780307617], [-73.74753513475056, 40.759857196187504], [-73.7465598186776, 40.75933914819123], [-73.7462770053977, 40.7577967844035], [-73.74465748580782, 40.75655810497603], [-73.74631196705299, 40.758054814525515], [-73.74635893029055, 40.759290872701364], [-73.74854146028888, 40.7613861840849], [-73.75004042130577, 40.761576082739815], [-73.75123100280295, 40.76252249463743], [-73.7516952345571, 40.76365182736891], [-73.75507210849031, 40.76753310678754], [-73.7543938826934, 40.76875346274883], [-73.7555733264932, 40.77152912592288], [-73.75336691999665, 40.77320784675843], [-73.75518575394132, 40.77649807133296], [-73.75481322893425, 40.77761903230577], [-73.75551781604716, 40.777584144020125], [-73.75551737581792, 40.777704048364356], [-73.75470837226607, 40.777717812200876], [-73.75299839296423, 40.781289489522294], [-73.75134808400534, 40.78252873113708], [-73.7502077036601, 40.78239927487963], [-73.74824911019064, 40.780764779210074], [-73.74735791062731, 40.77938330756189], [-73.74777892911669, 40.7791149970059], [-73.74679375137325, 40.77903485208637], [-73.74534800304866, 40.77715344956252], [-73.74611030250026, 40.77845507553995], [-73.74540776901326, 40.778982460382416], [-73.74461729498398, 40.77791926631311], [-73.74523985922653, 40.77740242977608], [-73.74524624200906, 40.77696285546433], [-73.74501727403884, 40.776597812966095], [-73.74507512050204, 40.77745210014203], [-73.74443101629156, 40.77745615402501], [-73.74404091391105, 40.77859010478109], [-73.73937598887058, 40.776013669167504], [-73.70163345759967, 40.752493329689685], [-73.70002020371138, 40.739236541728715], [-73.70766217173856, 40.72783093450627], [-73.71693287990968, 40.72638641555398], [-73.7281623385495, 40.72308414078654], [-73.72836415271844, 40.72361435237979], [-73.72816233854954, 40.723084140786575], [-73.73032628902034, 40.72215729678346], [-73.72689487349234, 40.709978573616446], [-73.72709600937642, 40.703047828715064], [-73.7256300511989, 40.67958795078154], [-73.72755616290443, 40.67416158819021], [-73.72824131145188, 40.66802409800284], [-73.72781750883685, 40.66311678398312], [-73.72833071831944, 40.66304394373028], [-73.72556769770608, 40.65672514257895], [-73.72509934516106, 40.65234574831041], [-73.730286528842, 40.65036852267253], [-73.7351350134013, 40.64973204096658], [-73.74143705965366, 40.646889178319896], [-73.74205084886786, 40.641474204524386], [-73.74142279226983, 40.64050339075156], [-73.74227387159938, 40.640123381450174], [-73.73947121560623, 40.635706432330686], [-73.73995957504, 40.63514381087979], [-73.74253691856377, 40.63517496612196], [-73.74096487686366, 40.637304775030245], [-73.74189040305806, 40.63812221303788], [-73.74397128496219, 40.63788001261504], [-73.74373421504437, 40.63902211816677], [-73.74479558148495, 40.63707502907636], [-73.74629219000661, 40.63643726798267], [-73.74679074613896, 40.63677813562728], [-73.74527138642927, 40.63791590124552], [-73.74529639409818, 40.6383301395409], [-73.74702300384752, 40.63690878300871], [-73.74617079402383, 40.640397785902216], [-73.74729103117771, 40.64318601227467], [-73.74885047826503, 40.6451692701115], [-73.74945274225492, 40.64493123469476], [-73.7545036960145, 40.647935479054446], [-73.7546120843784, 40.64720045945824], [-73.74870701496343, 40.643343492840195], [-73.74740683872739, 40.6413841642009], [-73.74855478395091, 40.635411559073304], [-73.76308789604877, 40.62965889850087], [-73.76500891405117, 40.62941218257731], [-73.76649560507087, 40.62825037539892], [-73.76860408643708, 40.62473271874592], [-73.76866781629329, 40.62273196462162], [-73.76972348351019, 40.62176168896706], [-73.77018829077609, 40.619791010920075], [-73.77165454622448, 40.620416427318325], [-73.77081128816697, 40.622949747293475], [-73.7717276019702, 40.62358502853137], [-73.77203131365239, 40.622991213404546], [-73.7721882393991, 40.622995794296166], [-73.77511891122289, 40.61923384815514], [-73.77518045935324, 40.61926471855515], [-73.77173897449319, 40.623605726071006], [-73.77654229821697, 40.627651725230415], [-73.7794689755585, 40.62731550562166], [-73.7841948316574, 40.62089267057813], [-73.78955814223276, 40.62279199558915], [-73.78363078949876, 40.628142521869314], [-73.78348975662946, 40.63016511622125], [-73.78434764110041, 40.631373320933804], [-73.78690666618319, 40.632261901398], [-73.78942717129554, 40.63426303546036], [-73.7907692383399, 40.63384873389886], [-73.79079284210981, 40.63428204370623], [-73.7981187213808, 40.631037509762386], [-73.790811112505, 40.63431035551095], [-73.79222317971443, 40.63589008894912], [-73.79923711895684, 40.638420110372365], [-73.81203333617123, 40.644303575715014], [-73.81830316956214, 40.64626766499377], [-73.82193629592925, 40.649814980417446], [-73.8234656042142, 40.65531301605706], [-73.82174650215825, 40.66011836609096], [-73.81869531492681, 40.66110505105431], [-73.81262125517522, 40.66015705040116], [-73.81143833843886, 40.66025421127633], [-73.81151448346178, 40.6607671428013], [-73.81867184308027, 40.662132777430436], [-73.82347625129688, 40.66006003835425], [-73.82492940963448, 40.655441531872164], [-73.82307197401019, 40.648006209596915], [-73.82395972232565, 40.64919353340675], [-73.82588910297844, 40.64948606931881], [-73.82614483059653, 40.650081840942796], [-73.82622033639022, 40.64836102709206], [-73.82671943480867, 40.649578819318485], [-73.82639242756336, 40.648324349284565], [-73.8284604110572, 40.649118677724985], [-73.83093651287493, 40.65162612925503], [-73.83161314793695, 40.65374895323639], [-73.82901417557974, 40.656107884452624], [-73.83044328071922, 40.65551947244465], [-73.83170814411545, 40.65393117429707], [-73.83221698518581, 40.65446038629317], [-73.8314933010301, 40.65497982053992], [-73.8311610074389, 40.655919232731215], [-73.82937603410717, 40.65650633521608], [-73.82896778740296, 40.65720524792025], [-73.8291791973458, 40.657799778544465], [-73.83013028740645, 40.65840264271618], [-73.82970706839046, 40.65850251336213], [-73.82959986903286, 40.65865680591038], [-73.83013138340064, 40.65980690317604], [-73.82969520083267, 40.65865592919425], [-73.83024426973397, 40.65834996934735], [-73.82909434825073, 40.65733421916605], [-73.83127112569362, 40.65600327150185], [-73.83185238479282, 40.654885038267146], [-73.83290309524597, 40.65748377162325], [-73.83194394578129, 40.656171427756185], [-73.83260036370731, 40.65782659112489], [-73.83112664421708, 40.6583187869438], [-73.83338439472544, 40.658051859208165], [-73.83079877896031, 40.64897655870406], [-73.83148723517212, 40.64788727851643], [-73.83453497304731, 40.64802513078843], [-73.83556587118946, 40.64842745504228], [-73.83597223496493, 40.64934876341621], [-73.83892925173912, 40.66127003335001], [-73.83814081447404, 40.662069507090926], [-73.83969596515671, 40.66223830360273], [-73.83592320072995, 40.64549979184783], [-73.84579484060227, 40.64410150925752], [-73.84950699084062, 40.64413376618153], [-73.85207628474056, 40.64617614809116], [-73.85242870930831, 40.6472738661879], [-73.85193589438106, 40.64857859599419], [-73.84936074751855, 40.65139383119375], [-73.85078499726184, 40.65153285190447], [-73.85250949601144, 40.65055140331135], [-73.85605277951933, 40.65139889143171], [-73.8567128898392, 40.652801664162354], [-73.85828132383817, 40.65299487215201], [-73.85932735900838, 40.654940570897764], [-73.86136381950391, 40.65641475416545], [-73.85983363521383, 40.65697706372323], [-73.85955850411992, 40.6580836639904], [-73.86021585275876, 40.65889590247238], [-73.86098077505929, 40.658381303449886], [-73.86064944051655, 40.65932152722638], [-73.86132276468818, 40.65851493216602], [-73.86093499368775, 40.65805606752885], [-73.85976839588906, 40.658281936345944], [-73.8605764621807, 40.65783458980614], [-73.86035030672483, 40.657226067167805], [-73.86161371163514, 40.656996510755555], [-73.86172714514386, 40.65803365399336], [-73.86300202201295, 40.657488116627455], [-73.86320115416514, 40.6563493778522], [-73.85979242750736, 40.65447615737718], [-73.85898002913167, 40.652675457834874], [-73.85695870357921, 40.65058737347274], [-73.85722330896276, 40.65027867104306], [-73.85902154804735, 40.65266017703547], [-73.8592624940962, 40.65297925537882], [-73.85722330940358, 40.65027867054106], [-73.85837605317566, 40.64727441581625], [-73.85716978298206, 40.643678558886165], [-73.86289463224384, 40.642550679682635], [-73.86670411973684, 40.64002176399823], [-73.86628476777165, 40.63947288319071], [-73.86867282895082, 40.640925079203626], [-73.87061492461147, 40.64485674138435], [-73.87257043102987, 40.645575611857225], [-73.87921658230903, 40.65459108377317], [-73.87971979034292, 40.65437592977654], [-73.87318593330954, 40.64544501336183], [-73.87327031255236, 40.643903214345094], [-73.86989583386247, 40.63893452891972], [-73.86799709668223, 40.63811526470727], [-73.86960972136559, 40.637085534608914], [-73.86955902490303, 40.63794748432769], [-73.87347939154502, 40.636285545798984], [-73.87835076408712, 40.6388716137437], [-73.88048386856643, 40.64097803454701], [-73.8807362354651, 40.64156595747082], [-73.88006714132516, 40.64200344612432], [-73.88139306230616, 40.64234733997931], [-73.8834199920301, 40.64452381564969], [-73.88557762083002, 40.644040949789364], [-73.88743444708336, 40.645936682276556], [-73.8876407216664, 40.64780239050999], [-73.8912185346906, 40.64998769862287], [-73.89056792841906, 40.64920863310135], [-73.891096114747, 40.64881249907927], [-73.88879690848671, 40.64605025805656], [-73.8893760297505, 40.646974754423375], [-73.8880813881791, 40.64662057063343], [-73.8882898142075, 40.64604421554579], [-73.88740960156417, 40.645329280626996], [-73.88805587182858, 40.645119787257485], [-73.88734361665769, 40.6452241533686], [-73.88623646791807, 40.64381678772121], [-73.88373578763793, 40.642450349188614], [-73.87953887929025, 40.638217839822524], [-73.87863863776123, 40.638293606259026], [-73.87714434868597, 40.63597649800772], [-73.87820590489783, 40.63457294366278], [-73.88364451728319, 40.63094331163619], [-73.8834541292347, 40.62990766993503], [-73.88404726149385, 40.62956011854668], [-73.88263248367437, 40.628274273126415], [-73.88369231505538, 40.627559373913535], [-73.88512954023693, 40.62882725917416], [-73.887526737062, 40.62833182448268], [-73.89042299743639, 40.62627859829531], [-73.89300558864316, 40.62335646909616], [-73.89548467972035, 40.62248556837461], [-73.91606079988702, 40.63203404982172], [-73.91749826644367, 40.63141017590429], [-73.91659169782919, 40.630451857973206], [-73.90396106711259, 40.62483361555432], [-73.90385540595587, 40.6249401981967], [-73.90546206137181, 40.62577482018623], [-73.90532958044659, 40.62586495608463], [-73.90254656112614, 40.62444423916973], [-73.9032704594402, 40.62448418394116], [-73.9028326222324, 40.62405099444965], [-73.90241543050294, 40.62446290725023], [-73.9022870793228, 40.6244098539305], [-73.90286570484801, 40.62364915083178], [-73.90104961533333, 40.622708030312594], [-73.9005253227274, 40.62168156729318], [-73.89647475412451, 40.621428246089145], [-73.8956138850201, 40.61980128664824], [-73.89664335225388, 40.61734771214244], [-73.89586112894187, 40.61451813749493], [-73.89249926249767, 40.613792311178784], [-73.89095414564765, 40.61283404681469], [-73.8914143047419, 40.61212544769968], [-73.89396385060823, 40.61121422308353], [-73.89189389086606, 40.6115346702449], [-73.89107794632702, 40.61227686136612], [-73.8896963184647, 40.61145355959244], [-73.89030211323542, 40.610317656862065], [-73.89226735458972, 40.60916527314685], [-73.89334621420018, 40.60674344623483], [-73.89833878117786, 40.60530365978815], [-73.90013576047275, 40.60560333559193], [-73.9010994890884, 40.607067772331895], [-73.90027950007679, 40.61007400967383], [-73.9013661982304, 40.61170184114492], [-73.90249392985298, 40.611814999032454], [-73.90119253465448, 40.61056381754676], [-73.9013296265948, 40.61048104260088], [-73.90717291149848, 40.61600987533857], [-73.90673848666331, 40.616295920492874], [-73.90725685565057, 40.616087581376945], [-73.9071059539902, 40.616609860214474], [-73.90752735132088, 40.616344433051715], [-73.90879088017641, 40.61743639672161], [-73.90835403214668, 40.61653099896171], [-73.9091385318665, 40.61653162172922], [-73.90797306390455, 40.61573684456395], [-73.90917675105386, 40.61652194698045], [-73.90895706128654, 40.61699148532209], [-73.90959740910328, 40.61639266979952], [-73.90225859966276, 40.61042277260011], [-73.90164211790079, 40.60576336073908], [-73.9052430092616, 40.604910090324076], [-73.90597461177855, 40.60638402870451], [-73.90863959535422, 40.60665872204806], [-73.9098515484547, 40.605999722177884], [-73.90832536835099, 40.604073374421425], [-73.91092270021103, 40.6035054766035], [-73.91365119759595, 40.60398251383714], [-73.91673556486195, 40.60681456155035], [-73.91632230017449, 40.60867566317177], [-73.91678394366942, 40.6087738833868], [-73.91657073983414, 40.609423539546114], [-73.91683981052823, 40.60876001472024], [-73.91650924469977, 40.60862975408972], [-73.91708838503367, 40.60882085439612], [-73.9161647503772, 40.6105155750763], [-73.91449542205973, 40.61165322366508], [-73.9149341879036, 40.61395815555777], [-73.91386053060802, 40.6146422680659], [-73.91422238665021, 40.61493245673728], [-73.91642099003494, 40.613569354692906], [-73.9159145211068, 40.613845376312554], [-73.91574585230389, 40.61338485969808], [-73.91639586745879, 40.61344683403491], [-73.91587086536354, 40.61291003739075], [-73.91662804371141, 40.613443589265685], [-73.91573181927129, 40.61183084451401], [-73.91811036612988, 40.610208394560445], [-73.9176787075739, 40.609662863943925], [-73.9185566612059, 40.60849830904359], [-73.91800500501185, 40.608149778514814], [-73.9190073708132, 40.60826725547346], [-73.91813814889909, 40.60764538741045], [-73.91935398418163, 40.60804292228745], [-73.91825269092949, 40.607229350640786], [-73.91952209796015, 40.60773879743498], [-73.91442813462284, 40.602863919563426], [-73.91347072648942, 40.60291169119274], [-73.91349826413736, 40.602366975062786], [-73.91301723175927, 40.60275424871728], [-73.91311658733653, 40.602220256431586], [-73.91270696033584, 40.602694709483906], [-73.91305994409446, 40.602206210166855], [-73.91158427623398, 40.602135488403064], [-73.91157836556712, 40.60221787119134], [-73.91230939977284, 40.602275084478094], [-73.91254170182432, 40.60236443995559], [-73.91154411182987, 40.60243932310409], [-73.91261098676532, 40.60253200659405], [-73.91257290407664, 40.60268329902972], [-73.91086536585779, 40.60249048328862], [-73.91155529140805, 40.602155464729954], [-73.91075830846438, 40.602027501486155], [-73.91075123972259, 40.60243729986271], [-73.90903689530533, 40.60267734322033], [-73.91073123013267, 40.602021376027814], [-73.90904083221544, 40.60162520588616], [-73.89932620712385, 40.60355074627511], [-73.89562281394153, 40.603008912092776], [-73.89241272524092, 40.60329895361237], [-73.88773089704557, 40.605268271080845], [-73.88396434882077, 40.6055491404266], [-73.88271777210468, 40.604178837179525], [-73.88336367946047, 40.602877458542366], [-73.8818061834156, 40.599365277611376], [-73.87990713259003, 40.592047994322606], [-73.87941617176989, 40.59213200579822], [-73.87989902851933, 40.59202063885226], [-73.87971492228003, 40.591398891829186], [-73.8789689043874, 40.59089677311774], [-73.87878760363557, 40.58803046036658], [-73.87671672482074, 40.584914430200975], [-73.87970231664, 40.58013510069834], [-73.88174676983894, 40.57915880721264], [-73.8861381059947, 40.57813439916542], [-73.88769395682992, 40.578063239513405], [-73.88812417719397, 40.57872829230975], [-73.88769395759935, 40.57806323917918], [-73.89552381007165, 40.576769818436624], [-73.89651254310586, 40.579007075075744], [-73.8967463702365, 40.58318998503371], [-73.89816156619742, 40.585350491061035], [-73.89826305484347, 40.586785395351946], [-73.89891599908881, 40.58753743555867], [-73.89973341305246, 40.587165211607484], [-73.89903026091207, 40.587670097766384], [-73.89981060525021, 40.58801445705567], [-73.89990604460401, 40.587794089751036], [-73.90121791883185, 40.58738334002339], [-73.8999523407064, 40.58804159869709], [-73.90071546045651, 40.58808399538854], [-73.90426874446483, 40.58691226312664], [-73.90651874671025, 40.58802547311536], [-73.90712502406382, 40.58752970296251], [-73.90643924223701, 40.58703385687755], [-73.91152755089257, 40.586105809031594], [-73.91197278431802, 40.58669735696893], [-73.91143730752536, 40.59108037160648], [-73.91202884638848, 40.59436759528021], [-73.91573791657294, 40.599205841210164], [-73.92170503331239, 40.601744370075785], [-73.92393997108142, 40.599714349243776], [-73.9246598352226, 40.599725989688245], [-73.92954149151934, 40.60274908136815], [-73.92916612403398, 40.603866022492504], [-73.93100336143164, 40.60393580366161], [-73.93212319646196, 40.60270973874635], [-73.93108919528396, 40.60172225876688], [-73.9274210074892, 40.60005657036095], [-73.92177536324344, 40.595030926201346], [-73.92034142062134, 40.594730495105196], [-73.9181816512938, 40.59310708336845], [-73.91487761546057, 40.59031362071104], [-73.91454418312821, 40.58889743101194], [-73.91917204255647, 40.585955087874495], [-73.92492960627771, 40.585667583816594], [-73.92720774188844, 40.58772275968957], [-73.92765146660282, 40.58745909654166], [-73.9273568092889, 40.588022176276354], [-73.92791625741158, 40.58754873538705], [-73.92807906817849, 40.58770246052338], [-73.9274045224574, 40.58820644519791], [-73.9279017574099, 40.58795340928016], [-73.92802185276412, 40.58806875635107], [-73.9239529485009, 40.591139850525295], [-73.92863061415584, 40.588572636923466], [-73.92866593842896, 40.58914326406668], [-73.92921964005194, 40.588813345444166], [-73.92875703499415, 40.589152966925184], [-73.93003427450557, 40.58942599650094], [-73.93065213846425, 40.59029097949247], [-73.93035364458565, 40.59255495029426], [-73.92971282036608, 40.593120048248274], [-73.92996116581315, 40.59400571131949], [-73.93008159453139, 40.59359546287146], [-73.93043246129608, 40.594402674950075], [-73.9317638740002, 40.594284098763005], [-73.93078131379613, 40.594498955277004], [-73.93260420556844, 40.59492954452514], [-73.93139997986377, 40.59180489056233], [-73.93100989343107, 40.591931042983724], [-73.93155939441614, 40.59129296407095], [-73.93121294858955, 40.589531308119504], [-73.93068568059813, 40.58882195422702], [-73.93009138279221, 40.58898886237912], [-73.9303996759751, 40.58846552041546], [-73.92972846380138, 40.58861391633256], [-73.93038545256262, 40.588441616079045], [-73.9297223258076, 40.58756008340617], [-73.93134917824065, 40.58732816722968], [-73.93125191267131, 40.58684982521449], [-73.92857393936512, 40.587061501869044], [-73.92815700695559, 40.585864523568844], [-73.92751621995603, 40.58639826671562], [-73.92529083981621, 40.58464073667005], [-73.9201956300942, 40.58463453786976], [-73.91566114963578, 40.586223454005804], [-73.91349961672795, 40.58609582592042], [-73.91258587400705, 40.585566744135654], [-73.91246022036007, 40.583351754426594], [-73.91463166275364, 40.582757634402945], [-73.91729861410717, 40.5831908017497], [-73.91541290900743, 40.58236407430148], [-73.91191058860355, 40.582963377252796], [-73.91148327601955, 40.58183216186766], [-73.91505520170745, 40.581543607722814], [-73.92443604095033, 40.58355820294181], [-73.92963248074945, 40.583398808123064], [-73.93117951167247, 40.58271571185373], [-73.93613233580493, 40.5833144741334], [-73.94102517918674, 40.58307036190642], [-73.94157408083602, 40.583607555437005], [-73.94255133499362, 40.58351447617067], [-73.94202033352745, 40.58311042378267], [-73.94628634691942, 40.58356868470295], [-73.94579941193012, 40.58319463972759], [-73.95349322048675, 40.58298819826116], [-73.95330135995637, 40.58200275013628], [-73.94969672499387, 40.58231940106685], [-73.94274062592515, 40.58099558955944], [-73.9325800656803, 40.58126474120362], [-73.93106288335754, 40.57616309971831], [-73.9348935645518, 40.57522164650044], [-73.93647107586537, 40.57586049685914], [-73.93670752537317, 40.57541842720061], [-73.9425090782839, 40.575373555034545], [-73.94427911430863, 40.575800511386255], [-73.94460054017128, 40.57523546894723], [-73.94572352017441, 40.575559439486625], [-73.95257775363704, 40.574204124009775], [-73.95843476359066, 40.574088814543884], [-73.95898718972613, 40.57343065472694], [-73.95941778134677, 40.57517798414406], [-73.95939182170525, 40.5739121092497], [-73.96839037762997, 40.57315444243755], [-73.96945126202378, 40.5728572803634], [-73.9692462121555, 40.5723040761573], [-73.97085363074368, 40.57277051528003], [-73.97118306355702, 40.57194189908436], [-73.97183631990876, 40.57262828035429], [-73.9733450222981, 40.57232121400634], [-73.97324990115153, 40.57162668560661], [-73.97373209971208, 40.57228692459157], [-73.9754708190279, 40.57196900381711], [-73.97540564094207, 40.57142104064073], [-73.97592552091518, 40.57201865743774], [-73.97727057023398, 40.571863650676065], [-73.97767087523813, 40.5711710200793], [-73.97845486511183, 40.571892204296624], [-73.979846944694, 40.571539319610366], [-73.9794251615826, 40.57122102372418], [-73.98020883097026, 40.571726205491196], [-73.98367270153251, 40.57140705768757], [-73.9830432888372, 40.57014586048555], [-73.98336057973366, 40.56952999448685], [-73.98375790448641, 40.57139622725116], [-73.99079264701024, 40.57024864875565], [-74.00077859539269, 40.57049099822144], [-74.002011670539, 40.5702087585243], [-74.00208547639728, 40.56958598398511], [-74.0024870773771, 40.571738388872625], [-74.00479941621687, 40.57287885485107], [-74.01115668729264, 40.57416676185904], [-74.01201540191126, 40.57488505247444], [-74.0130271545442, 40.57785089456425], [-74.01189274592645, 40.57973537292851], [-74.00745366008165, 40.581803522848084], [-74.00055986763827, 40.581297429180616], [-73.99818261219644, 40.58172536423953], [-73.99771779429551, 40.580706776808746], [-73.98842833769417, 40.57881584261966], [-73.98739064322473, 40.57908698306381], [-73.98588567394853, 40.581144424565004], [-73.98604509916241, 40.581720684649184], [-73.9868447899644, 40.58123210200535], [-73.98805399717055, 40.579632739063264], [-73.99163007472367, 40.58107988488467], [-73.99182529575866, 40.581738520302906], [-73.9902624471437, 40.584619148205505], [-73.99547188524605, 40.582210054533824], [-74.0003088081067, 40.583177037514865], [-74.00035951790483, 40.584186446383185], [-73.99808523688117, 40.58536472208426], [-73.99970597099512, 40.585689819858736], [-73.99956511570319, 40.586243920095846], [-73.9940790462178, 40.58869344199073], [-73.99795639739288, 40.58726950636582], [-73.99487677695369, 40.58877174667533], [-73.99534737661217, 40.58933138044016], [-74.00037368890935, 40.58647481513274], [-74.00038206983874, 40.587133057349654], [-73.99788311163137, 40.588343438425554], [-73.99946446811074, 40.58923326938093], [-73.99711670865169, 40.59144678989469], [-73.99806438267684, 40.59120946473171], [-73.99754850992464, 40.59191757817059], [-74.00013650047204, 40.591282102286996], [-73.99903131441646, 40.59231280344775], [-73.99948304872363, 40.59296919989778], [-73.99838831083615, 40.59353139160652], [-74.00109596784156, 40.59251870950174], [-74.00203772956759, 40.5940596060349], [-74.00184497078405, 40.59423667244416], [-74.00052305896419, 40.59547396971426], [-74.00227648467225, 40.59433458001214]], [[-73.82689623324686, 40.6503497096571], [-73.82697478883884, 40.650692229547566], [-73.82671943480867, 40.649578819318485], [-73.82689623324686, 40.6503497096571]], [[-73.8690191003421, 40.682412593877864], [-73.86948237669309, 40.68228046841721], [-73.86856587241817, 40.68254283072854], [-73.8690191003421, 40.682412593877864]], [[-73.87154003357529, 40.68161699383554], [-73.8715400335754, 40.68161699383554], [-73.87136685880802, 40.680893325801065], [-73.8711997492848, 40.680221463667266], [-73.87223767600577, 40.68007110833194], [-73.87119974928474, 40.680221463667266], [-73.87154003357529, 40.68161699383554]], [[-73.8733572390293, 40.680256663443075], [-73.87327560272679, 40.67992075299661], [-73.87327560272674, 40.679920752996615], [-73.8733572390293, 40.680256663443075]], [[-73.8769206083597, 40.68023809948565], [-73.87710774200949, 40.6801847254999], [-73.87685123667501, 40.68025788651114], [-73.8769206083597, 40.68023809948565]], [[-73.8774049856419, 40.68009994610604], [-73.8774268609061, 40.68001443724301], [-73.87740498564185, 40.680099946106054], [-73.8774049856419, 40.68009994610604]], [[-73.87744804573776, 40.679930999958835], [-73.87744804573771, 40.679930999958856], [-73.8774268609061, 40.68001443724301], [-73.87744804573776, 40.679930999958835]], [[-73.87686125537071, 40.68010158004681], [-73.87657495157083, 40.68016700182831], [-73.87730171301405, 40.67997353891361], [-73.87686125537071, 40.68010158004681]], [[-73.87639180065162, 40.67942882923709], [-73.87527450752374, 40.67491882631225], [-73.87495739398062, 40.67365069994859], [-73.8746248462381, 40.67238934626533], [-73.87639180065162, 40.67942882923709]], [[-73.87442230677647, 40.67160341066876], [-73.87452517138588, 40.672002556025056], [-73.87448530494315, 40.67184786007357], [-73.87443350271154, 40.671646851699876], [-73.87442230677647, 40.67160341066876]], [[-73.87441756544628, 40.6715850132633], [-73.87433492217693, 40.671264323359765], [-73.87429632196029, 40.671114541972855], [-73.87441756544628, 40.6715850132633]], [[-73.87428791490143, 40.67108191659017], [-73.87414910630098, 40.67054052183587], [-73.87413027527703, 40.67046829213209], [-73.87408179095584, 40.67026342148527], [-73.87400932694717, 40.66997913067219], [-73.87399156230985, 40.669904649191324], [-73.8739163920093, 40.66959518408616], [-73.87387810524098, 40.66944726712268], [-73.87379547244284, 40.669330975697584], [-73.8737748899375, 40.66930282020708], [-73.87428791490143, 40.67108191659017]], [[-73.87358040034532, 40.66904297993695], [-73.87326631315304, 40.66862575304386], [-73.87323920087499, 40.6685889307791], [-73.87358040034532, 40.66904297993695]], [[-73.87316965889745, 40.66849448226878], [-73.8731289281039, 40.668439164064125], [-73.87320405387295, 40.668541195951796], [-73.87316965889745, 40.66849448226878]], [[-73.87299882522359, 40.668262463096866], [-73.87282313462609, 40.66802384489177], [-73.87267060447743, 40.66782346470034], [-73.87299882522359, 40.668262463096866]], [[-73.87250466146672, 40.667605463407334], [-73.87246186360588, 40.667549237901284], [-73.87267060447743, 40.66782346470034], [-73.87250466146672, 40.667605463407334]], [[-73.87241883221022, 40.66749270594861], [-73.87212953398421, 40.66711264496286], [-73.87193029202133, 40.666850887499585], [-73.87187195498561, 40.66677424644798], [-73.87241883221022, 40.66749270594861]], [[-73.87182050791876, 40.66670666039863], [-73.87178992581077, 40.666650895748404], [-73.87187195498561, 40.66677424644798], [-73.87182050791876, 40.66670666039863]], [[-73.87056885737336, 40.665026724457555], [-73.87167821980188, 40.6665077450791], [-73.8716299266958, 40.66644830784446], [-73.87056885737336, 40.665026724457555]], [[-73.86955019406784, 40.66363453672914], [-73.86836660793328, 40.66201436433314], [-73.86816354256194, 40.661726877183135], [-73.86955019406784, 40.66363453672914]], [[-73.86718069446954, 40.66045225204078], [-73.8675048375725, 40.66041372979588], [-73.86816354256194, 40.661726877183135], [-73.86718069446954, 40.66045225204078]], [[-73.86847176782024, 40.66029493770969], [-73.868554511936, 40.66027874932804], [-73.8683969852812, 40.66030505100255], [-73.86847176782024, 40.66029493770969]], [[-73.87079131959862, 40.659414474455815], [-73.87161849799786, 40.65905960597995], [-73.87208844521514, 40.65885569462195], [-73.87079131959862, 40.659414474455815]], [[-73.87621915278844, 40.65707682482048], [-73.87811745594625, 40.65625990732218], [-73.87856790655731, 40.65606560129244], [-73.87881507981481, 40.655958975832135], [-73.87621915278844, 40.65707682482048]], [[-73.8793113054542, 40.65574500799186], [-73.87964291981214, 40.65560204780119], [-73.87905098401703, 40.65585723659613], [-73.8793113054542, 40.65574500799186]], [[-73.87996727640841, 40.65546300826285], [-73.88221364722236, 40.654518639089105], [-73.88404688438415, 40.65371650410856], [-73.88439998452269, 40.65356199798844], [-73.87996727640841, 40.65546300826285]], [[-73.88628975250232, 40.65276890144991], [-73.88713098820658, 40.652393916414724], [-73.88959044172073, 40.65133754696923], [-73.89000589058513, 40.65114869763265], [-73.88713098820647, 40.65239391641475], [-73.88628975250232, 40.65276890144991]], [[-73.95418330278446, 40.722636428308085], [-73.95418330278451, 40.7226364283081], [-73.9546169760945, 40.72250711130137], [-73.95418330278446, 40.722636428308085]], [[-73.95012059747324, 40.72202482202308], [-73.95064594201133, 40.72170569378431], [-73.95064594201132, 40.72170569378428], [-73.95012059747324, 40.72202482202308]], [[-73.949078166846, 40.722540287202506], [-73.94907816684606, 40.72254028720248], [-73.94896507176999, 40.72184702017417], [-73.949078166846, 40.722540287202506]], [[-73.94947068333505, 40.70501901928334], [-73.95191055633244, 40.70636007892376], [-73.9579043073855, 40.708427173470206], [-73.94947068333505, 40.70501901928334]], [[-73.94845024952497, 40.70444474256966], [-73.94705205231445, 40.70366394984265], [-73.9462510769276, 40.70320874845849], [-73.94585499046791, 40.70298720677506], [-73.9470520523144, 40.70366394984265], [-73.94845024952497, 40.70444474256966]], [[-73.94585499046791, 40.70298720677506], [-73.94382473741142, 40.701862007878475], [-73.9430640684584, 40.70142443509202], [-73.94585499046791, 40.70298720677506]], [[-73.9430640684584, 40.70142443509202], [-73.94220058617216, 40.7008906674675], [-73.9419307881619, 40.70072523469567], [-73.9430640684584, 40.70142443509202]], [[-73.96254108076917, 40.671460119381415], [-73.96257122996718, 40.6716222448872], [-73.96257123036264, 40.671622244983766], [-73.96254108076917, 40.671460119381415]], [[-73.96095595387625, 40.663285054834205], [-73.96110886788288, 40.6640623243347], [-73.96115334624557, 40.66428300389615], [-73.96110886788296, 40.664062324334736], [-73.96095595387625, 40.663285054834205]], [[-73.9617095882046, 40.663235760075075], [-73.96213146263574, 40.663208163622656], [-73.96095595387625, 40.663285054834205], [-73.9617095882046, 40.663235760075075]], [[-73.96238822208156, 40.663089613567045], [-73.96279881248464, 40.66270129436955], [-73.96277174370505, 40.66272366715555], [-73.96238822208156, 40.66308961356698], [-73.96233052308382, 40.66313505535061], [-73.96238822208156, 40.663089613567045]], [[-73.96294887292096, 40.66254353464406], [-73.96303579098809, 40.66238989564775], [-73.96304218989654, 40.66237150518619], [-73.96294887292096, 40.66254353464406]], [[-73.9618808635178, 40.65488119255471], [-73.96188086351782, 40.65488119255476], [-73.96315217170033, 40.654383947147345], [-73.9618808635178, 40.65488119255471]], [[-73.9565554036015, 40.594647725342874], [-73.95618504099284, 40.59208988410206], [-73.95692719559784, 40.59661207631091], [-73.9565554036015, 40.594647725342874]], [[-73.95700330269894, 40.59200225623484], [-73.95639990240042, 40.58773955577844], [-73.95619424469248, 40.58776182693213], [-73.95639200198124, 40.58892867636267], [-73.95700330269894, 40.59200225623484]], [[-73.96034953431355, 40.58730628657616], [-73.96033803589978, 40.586281090002785], [-73.9603461487718, 40.58612477147791], [-73.96034953431355, 40.58730628657616]], [[-73.96025825770633, 40.58502930784141], [-73.96032539179386, 40.58581272375603], [-73.96026851762194, 40.58514903308723], [-73.96025825770633, 40.58502930784141]], [[-73.9999818136303, 40.59599966923202], [-73.99998181363036, 40.59599966923202], [-74.00000772165978, 40.595969764097944], [-73.9999818136303, 40.59599966923202]], [[-74.00019120518077, 40.59579067354504], [-74.0000397552977, 40.59593699286636], [-74.00025063273152, 40.59573091321576], [-74.00019120518077, 40.59579067354504]], [[-73.98076884001023, 40.68077056361718], [-73.98046155311641, 40.68122254675678], [-73.98003510016257, 40.681852626738404], [-73.97994948174238, 40.68198334547917], [-73.98076884001023, 40.68077056361718]], [[-73.9821893967509, 40.678675804397024], [-73.98189108301735, 40.67911186656669], [-73.98226822161055, 40.67855911639806], [-73.9821893967509, 40.678675804397024]], [[-73.98305611504449, 40.67740978151133], [-73.98305611504445, 40.67740978151133], [-73.982816091443, 40.67774904448395], [-73.98275475357846, 40.677839548153536], [-73.98305611504449, 40.67740978151133]], [[-73.98469872935533, 40.67517563022785], [-73.98461408111704, 40.675277315678294], [-73.98476528826097, 40.67509612637352], [-73.98469872935533, 40.67517563022785]], [[-73.98569948526603, 40.673976028248894], [-73.98562052080442, 40.67407101946358], [-73.98587964036213, 40.6737601729797], [-73.98569948526603, 40.673976028248894]], [[-73.98821210711046, 40.67096081411663], [-73.98774892243983, 40.671515655858386], [-73.98850457686227, 40.670608352860405], [-73.98821210711046, 40.67096081411663]], [[-73.98921685310053, 40.66975347507659], [-73.98910728790949, 40.66988486274119], [-73.98965014620912, 40.66923399491705], [-73.98921685310053, 40.66975347507659]], [[-73.9907255896683, 40.66794617267986], [-73.99065354286337, 40.66803237713267], [-73.99090708047216, 40.667728229586395], [-73.9907255896683, 40.66794617267986]], [[-73.99282672174803, 40.66554146783966], [-73.99277080526323, 40.665507281433314], [-73.99470274029683, 40.66666521075333], [-73.99282672174803, 40.66554146783966]], [[-73.99485839527723, 40.66684405270637], [-73.99585129124448, 40.667972496002136], [-73.9959787857856, 40.66799800665267], [-73.99616565986615, 40.668435499242065], [-73.99631850303255, 40.668672552516945], [-73.99485839527723, 40.66684405270637]], [[-73.99648142701434, 40.668925235739955], [-73.99648142701439, 40.668925235739934], [-73.99631850303255, 40.668672552516945], [-73.99648142701434, 40.668925235739955]], [[-73.99865586550038, 40.597268562483066], [-73.99559320696706, 40.600232221722436], [-73.99381109248738, 40.6019504895968], [-73.99865586550038, 40.597268562483066]], [[-73.99381109248738, 40.6019504895968], [-73.99261918353042, 40.60309004729633], [-73.99145421289039, 40.60420924291644], [-73.99381109248738, 40.6019504895968]], [[-73.99951049355069, 40.59644180857047], [-73.99943695299856, 40.596518295109384], [-73.99952421419489, 40.59642829988709], [-73.99951049355069, 40.59644180857047]], [[-73.99846419239732, 40.67178786530428], [-73.99846419239721, 40.671787865304324], [-73.99855090521774, 40.671925941858525], [-73.99846419239732, 40.67178786530428]], [[-73.99827721498033, 40.67148191294502], [-73.99834389363652, 40.671593866941116], [-73.99819132400312, 40.67133769997118], [-73.99827721498033, 40.67148191294502]], [[-73.99778041964043, 40.67069712293876], [-73.99784392666231, 40.67079538854714], [-73.99778041964048, 40.67069712293876], [-73.99763082939884, 40.67044653229682], [-73.99754486869841, 40.670311403653734], [-73.99778041964043, 40.67069712293876]], [[-73.99687156115017, 40.669251530679254], [-73.99662320199393, 40.66885325710944], [-73.99753707872675, 40.67029915653904], [-73.99687156115017, 40.669251530679254]], [[-73.97928964017096, 40.68297311105688], [-73.97842970600962, 40.68435561266227], [-73.97876022374888, 40.68376544498573], [-73.97928964017096, 40.68297311105688]], [[-73.97745722009145, 40.68405228761326], [-73.97807729552632, 40.684914940390044], [-73.97807729552632, 40.68491494039004], [-73.97745722009145, 40.68405228761326]], [[-73.9687744398482, 40.67294236838465], [-73.96877443984815, 40.67294236838465], [-73.96876393915217, 40.67294300455857], [-73.9687744398482, 40.67294236838465]], [[-73.9682700477164, 40.672941074437965], [-73.96827004771646, 40.672941074437965], [-73.96826172822449, 40.6729405730442], [-73.9682700477164, 40.672941074437965]], [[-73.9671318182884, 40.67279697165685], [-73.96713181828831, 40.67279697165682], [-73.96685339756984, 40.6727403557227], [-73.9671318182884, 40.67279697165685]], [[-73.99736186667997, 40.58866412851876], [-73.99736186668002, 40.58866412851871], [-73.99666554356055, 40.58898987313287], [-73.99736186667997, 40.58866412851876]], [[-73.9937576176658, 40.59033184450585], [-73.99560701184409, 40.58947987427335], [-73.99375761766579, 40.590331844505826], [-73.9937576176658, 40.59033184450585]], [[-73.99291591535881, 40.589757378778984], [-73.9929086540927, 40.58976070716696], [-73.9929236683555, 40.58975398359401], [-73.99291591535881, 40.589757378778984]], [[-73.99153934356545, 40.59039090308141], [-73.99150438768703, 40.590421870949946], [-73.99158566424401, 40.590369559426954], [-73.99153934356545, 40.59039090308141]], [[-73.99066311829804, 40.59116716660836], [-73.99036425045065, 40.59143193167647], [-73.9910927772006, 40.59078652399045], [-73.99066311829804, 40.59116716660836]], [[-73.98412888435627, 40.593610667485265], [-73.98463965370047, 40.59355217604266], [-73.98467793926203, 40.593658650343606], [-73.98601936736364, 40.59444604996432], [-73.98412888435627, 40.593610667485265]], [[-73.98344124334142, 40.59368777396058], [-73.98309755550913, 40.59372356791502], [-73.98352369674173, 40.59367892752371], [-73.98344124334142, 40.59368777396058]], [[-73.98273908845476, 40.59376310101202], [-73.98215025564353, 40.59382989753537], [-73.98297015968294, 40.59373730594427], [-73.98273908845476, 40.59376310101202]], [[-73.98814559354732, 40.58348442185445], [-73.98829948228986, 40.5834667473284], [-73.98829948228986, 40.583466747328394], [-73.98814559354732, 40.58348442185445]], [[-73.98660338163212, 40.58376512175745], [-73.98672865796718, 40.583992056706435], [-73.98654456976337, 40.583658591316556], [-73.98660338163212, 40.58376512175745]], [[-73.98696411565302, 40.58440599534656], [-73.98680347611649, 40.5841275869645], [-73.98710120231547, 40.584644592265256], [-73.98696411565302, 40.58440599534656]], [[-73.9862757354651, 40.584479981432615], [-73.98622825971884, 40.5844852113886], [-73.98627573546511, 40.584479981432615], [-73.9862757354651, 40.584479981432615]], [[-73.97742525247779, 40.5829065931716], [-73.97706937555522, 40.582934811720655], [-73.9774252524778, 40.5829065931716], [-73.97742525247779, 40.5829065931716]], [[-73.97449712874013, 40.583153389814804], [-73.97462127765195, 40.58313382002444], [-73.97367775403808, 40.583313798310186], [-73.97449712874013, 40.583153389814804]], [[-73.96785844066585, 40.58451404426149], [-73.96785844066588, 40.58451404426149], [-73.96809741858237, 40.58441958718894], [-73.96785844066585, 40.58451404426149]], [[-73.96691480141088, 40.584567133182574], [-73.96706687258512, 40.58455857769432], [-73.96690914364154, 40.584567309478366], [-73.96691480141088, 40.584567133182574]], [[-73.96234649042353, 40.58479852270534], [-73.96044078507818, 40.585012197727316], [-73.96161843552393, 40.58488271530323], [-73.96234649042353, 40.58479852270534]], [[-73.9956633071062, 40.58669870858217], [-73.99259141639449, 40.58810632139261], [-73.99705912801338, 40.58602139991337], [-73.9956633071062, 40.58669870858217]], [[-73.98951209398803, 40.584858055455264], [-73.9892265450441, 40.584658544043954], [-73.99019838040331, 40.58534969414901], [-73.98951209398803, 40.584858055455264]], [[-73.98833113748384, 40.583661758791045], [-73.98830431963529, 40.583564211903514], [-73.98836778986892, 40.58373216817341], [-73.98833113748384, 40.583661758791045]], [[-73.97316643425104, 40.608795577845655], [-73.97403097703385, 40.608702310158854], [-73.97499506005568, 40.60859606428522], [-73.97591937707959, 40.60849511484738], [-73.97606340200011, 40.60847923253154], [-73.97316643425104, 40.608795577845655]], [[-73.97296562596136, 40.60866206385021], [-73.97299433938896, 40.60881414180244], [-73.972994339389, 40.60881414180243], [-73.97296562596136, 40.60866206385021]], [[-73.98839593265242, 40.60368529896129], [-73.98869008641087, 40.603425307156215], [-73.98869008641084, 40.6034253071562], [-73.98839593265242, 40.60368529896129]], [[-73.98864527888126, 40.606166653601015], [-73.98913191394301, 40.606456137709884], [-73.98868149740863, 40.606879442170985], [-73.98913191394317, 40.606456137709884], [-73.98864527888126, 40.606166653601015]], [[-73.9853315872636, 40.60745769874302], [-73.98533158726349, 40.60745769874302], [-73.98510593348688, 40.60748243951725], [-73.9853315872636, 40.60745769874302]], [[-73.98130238109978, 40.60790299103218], [-73.98130238109967, 40.60790299103218], [-73.98126257845436, 40.60790760001551], [-73.98130238109978, 40.60790299103218]], [[-73.97969735792572, 40.608077364031416], [-73.97969735792562, 40.608077364031416], [-73.97949584068617, 40.60809963520343], [-73.97969735792572, 40.608077364031416]], [[-73.97291116841214, 40.599315804203385], [-73.97291116841214, 40.59931580420337], [-73.9719108041114, 40.59942305913219], [-73.97291116841214, 40.599315804203385]], [[-73.9733696421959, 40.59696407418901], [-73.97501775223887, 40.59678262878459], [-73.97408390489717, 40.596882944070735], [-73.9733696421959, 40.59696407418901]], [[-73.9765093444063, 40.59661610946471], [-73.97750674117346, 40.5965064534206], [-73.97828407574488, 40.59641926231963], [-73.97750674117357, 40.59650645342057], [-73.9765093444063, 40.59661610946471]], [[-73.9787163883265, 40.59637246931242], [-73.9787163883265, 40.596372469312456], [-73.97884256790672, 40.59635931402314], [-73.9787163883265, 40.59637246931242]], [[-73.9720358490665, 40.65048562815785], [-73.97139631534189, 40.64825778611389], [-73.97089815714261, 40.648432262297455], [-73.97139631534189, 40.64825778611394], [-73.9719089022382, 40.65005140988428], [-73.9720358490665, 40.65048562815785]], [[-73.96879367132165, 40.64924826449873], [-73.96911742972641, 40.64911909172746], [-73.96869225011037, 40.649288538663846], [-73.96879367132165, 40.64924826449873]], [[-73.96465438564746, 40.65088772845854], [-73.96749144192772, 40.649764382270526], [-73.96526281849009, 40.65064245076969], [-73.96465438564746, 40.65088772845854]], [[-73.98020654455473, 40.66110546100567], [-73.98020628415739, 40.66110595567117], [-73.98020645010338, 40.66110571295159], [-73.98020654455473, 40.66110546100567]], [[-73.98022901289262, 40.66098557895302], [-73.98020992184546, 40.66092313411416], [-73.98021005158427, 40.66092332310807], [-73.98021012213198, 40.660923557492], [-73.98022902506679, 40.660985326992936], [-73.98022901289262, 40.66098557895302]], [[-73.98011991449722, 40.660822936988616], [-73.98011991449727, 40.66082293698856], [-73.98006025307222, 40.66079075893118], [-73.98011991449722, 40.660822936988616]], [[-73.98006025307222, 40.66079075893118], [-73.98000113824688, 40.66075756420999], [-73.9799386653917, 40.660738372417576], [-73.98006025307222, 40.66079075893118]], [[-73.97984261796435, 40.660727441634016], [-73.97992680227544, 40.66073472722527], [-73.97984227566667, 40.660727415272135], [-73.97984261796435, 40.660727441634016]], [[-73.97968049483508, 40.660766594402666], [-73.9798419786684, 40.66072745090359], [-73.97984218783658, 40.66072742580927], [-73.97968049483508, 40.660766594402666]], [[-73.9796202565019, 40.66080686452537], [-73.97961999213591, 40.66080706887425], [-73.97968019868334, 40.66076673875954], [-73.9796202565019, 40.66080686452537]], [[-73.97957869941621, 40.66085324282399], [-73.9751573801199, 40.65872279478508], [-73.97442467553586, 40.658263677231744], [-73.97515738011985, 40.65872279478508], [-73.97957869941621, 40.66085324282399]], [[-73.97433711487452, 40.65814016978852], [-73.97418457459422, 40.657863578389], [-73.97426735429771, 40.658028788363524], [-73.97433711487452, 40.65814016978852]], [[-73.97280510894353, 40.65306198486727], [-73.97355493871167, 40.655643939745445], [-73.97379189900364, 40.65639232394657], [-73.97407280193507, 40.65752104712448], [-73.97280510894353, 40.65306198486727]], [[-73.972632815814, 40.652463916798496], [-73.9723284620006, 40.65139792975296], [-73.9723690089015, 40.651539950168896], [-73.97242905500771, 40.65175025991766], [-73.972632815814, 40.652463916798496]], [[-73.9726291747537, 40.65123143872483], [-73.97262917475375, 40.6512314387248], [-73.97264257758896, 40.65120971499689], [-73.9726291747537, 40.65123143872483]], [[-73.97268048729548, 40.651132382923095], [-73.97269514771143, 40.651063792973396], [-73.97266509198757, 40.651168700481776], [-73.97268048729548, 40.651132382923095]], [[-73.97269592778255, 40.65100451794446], [-73.97267744880565, 40.65093466031869], [-73.972696976818, 40.65102999133847], [-73.97269592778255, 40.65100451794446]], [[-73.97258644551707, 40.65080506469704], [-73.97258644551701, 40.65080506469704], [-73.97267259744848, 40.65092390773044], [-73.97258644551707, 40.65080506469704]], [[-73.97242819089388, 40.650692062822955], [-73.97234114832939, 40.65065904882531], [-73.97227833108661, 40.6506519723952], [-73.97242819089388, 40.650692062822955]], [[-73.97226426425392, 40.650651367917085], [-73.97215146817902, 40.6506508979832], [-73.97208846041423, 40.65065690875382], [-73.97226426425392, 40.650651367917085]], [[-73.98009115895583, 40.66121802739481], [-73.98006066654884, 40.66123338181963], [-73.98012758644708, 40.66119322243566], [-73.98009115895583, 40.66121802739481]], [[-73.97998406008062, 40.661262596757815], [-73.97987729806441, 40.66128048440241], [-73.97993468778623, 40.66127396102022], [-73.97998406008062, 40.661262596757815]], [[-73.97784275025607, 40.66340177013401], [-73.97764001645886, 40.66364904798122], [-73.97834945140697, 40.662799015917216], [-73.97784275025607, 40.66340177013401]], [[-73.97684516676843, 40.66460638201052], [-73.97679100856148, 40.66467069984653], [-73.97688314613896, 40.66456098630278], [-73.97684516676843, 40.66460638201052]], [[-73.97492034475161, 40.66691789848917], [-73.97533714558601, 40.666419096702185], [-73.97615111949416, 40.66543232314217], [-73.9753371455859, 40.666419096702185], [-73.97492034475161, 40.66691789848917]], [[-73.97382528468576, 40.66822308881453], [-73.97332284253001, 40.668824924433665], [-73.97419502861486, 40.66778299872968], [-73.97382528468576, 40.66822308881453]], [[-73.9728199057725, 40.66942717819567], [-73.97258370313693, 40.66971000223408], [-73.97332284253001, 40.668824924433665], [-73.9728199057725, 40.66942717819567]], [[-73.9704439872756, 40.6725696396676], [-73.9704073446166, 40.67264721993092], [-73.97040734461665, 40.67264721993092], [-73.9704439872756, 40.6725696396676]], [[-73.97000244563306, 40.67263115101075], [-73.97000244563301, 40.67263115101075], [-73.96997223780488, 40.67263215204952], [-73.97000244563306, 40.67263115101075]], [[-73.96342449216682, 40.707704389579625], [-73.9644231180712, 40.70753372508124], [-73.96728890148331, 40.70700200364302], [-73.96838331338861, 40.70682937339333], [-73.96913013040897, 40.707045734473105], [-73.96342449216682, 40.707704389579625]], [[-73.96274332977777, 40.70768508175957], [-73.96213128824103, 40.70762269280009], [-73.96327873711002, 40.70772929902124], [-73.96274332977777, 40.70768508175957]], [[-73.9618601976645, 40.70759505799123], [-73.96114422874838, 40.70752359573732], [-73.96213128824103, 40.70762269280009], [-73.9618601976645, 40.70759505799123]], [[-73.96114422874838, 40.70752359573732], [-73.95939542447749, 40.70735240834248], [-73.95845576706587, 40.707251847445455], [-73.96114422874838, 40.70752359573732]], [[-73.9790906571918, 40.68629386665661], [-73.97908477659628, 40.68628548451052], [-73.97915515548063, 40.6863857959098], [-73.9790906571918, 40.68629386665661]], [[-73.98313467248691, 40.69000227726258], [-73.98350982042075, 40.689922171752016], [-73.98217070159531, 40.689960832374865], [-73.98313467248691, 40.69000227726258]], [[-73.9814731510603, 40.689931210087934], [-73.98152367690356, 40.68993319686678], [-73.98139773143168, 40.689928670434526], [-73.9814731510603, 40.689931210087934]], [[-73.98178907192035, 40.69164486838697], [-73.9817890719204, 40.69164486838701], [-73.98206215595253, 40.69131209107183], [-73.98178907192035, 40.69164486838697]], [[-73.98177533751705, 40.692467636566874], [-73.98177550562646, 40.69246265389527], [-73.98177509797002, 40.692474737024035], [-73.98177533751705, 40.692467636566874]], [[-73.9825109126574, 40.693606611302954], [-73.98251091265745, 40.693606611302954], [-73.98251121550805, 40.69358772449313], [-73.9825109126574, 40.693606611302954]], [[-73.98234987383506, 40.69360788823823], [-73.97916718339002, 40.69348832322123], [-73.98243008636764, 40.69360622842125], [-73.98234987383506, 40.69360788823823]], [[-73.97949049591716, 40.69400690483468], [-73.97946696124681, 40.69398130960446], [-73.97949054009159, 40.694006952167754], [-73.97949049591716, 40.69400690483468]], [[-73.98001840603453, 40.69446203618438], [-73.98009793815656, 40.69459655922032], [-73.98011106309195, 40.69463365456075], [-73.98001840603453, 40.69446203618438]], [[-73.98022973206047, 40.69528899359812], [-73.98015797348417, 40.694824547852626], [-73.98023776249624, 40.69534546574144], [-73.98022973206047, 40.69528899359812]], [[-73.98039561662826, 40.696443490025764], [-73.98038802217252, 40.69638860739717], [-73.98039900381347, 40.6964715274126], [-73.98039561662826, 40.696443490025764]], [[-73.97932762403605, 40.7047462768332], [-73.97932762403605, 40.704746276833234], [-73.97936373405497, 40.70467152915434], [-73.97932762403605, 40.7047462768332]], [[-73.98090402745395, 40.70186142982986], [-73.98042906867113, 40.70201243535385], [-73.98090402745397, 40.7018614298299], [-73.98090402745395, 40.70186142982986]], [[-73.98051583101707, 40.700963735578576], [-73.98047417621218, 40.70088884514954], [-73.98055790720234, 40.70102560876663], [-73.98051583101707, 40.700963735578576]], [[-73.98042370155243, 40.700767177984694], [-73.98042370155244, 40.70076717798473], [-73.98042300233591, 40.70076465296112], [-73.98042370155243, 40.700767177984694]], [[-73.98046217112858, 40.699703158170784], [-73.98046217112854, 40.69970315817075], [-73.98045099838016, 40.69995416792618], [-73.98046217112858, 40.699703158170784]], [[-73.92139486468974, 40.778454445465115], [-73.92199637075912, 40.7779563501649], [-73.92139486468965, 40.77845444546516], [-73.92012731069433, 40.77948895286655], [-73.91975789352453, 40.7797919668948], [-73.92139486468974, 40.778454445465115]], [[-73.92199637075912, 40.7779563501649], [-73.92375761264202, 40.77654701252128], [-73.92306829356878, 40.775349722794054], [-73.92375761264192, 40.77654701252131], [-73.92331041438598, 40.7768832959525], [-73.92264888535139, 40.77742265193276], [-73.92199637075912, 40.7779563501649]], [[-73.92320981347711, 40.775234769255114], [-73.92317430288952, 40.775263613150386], [-73.9232632598151, 40.77518986916862], [-73.92320981347711, 40.775234769255114]], [[-73.92398142850024, 40.77461511268849], [-73.92216697391144, 40.77354687802797], [-73.9214687837298, 40.77305130769123], [-73.92216697391133, 40.77354687802797], [-73.92279264385557, 40.7739622958467], [-73.92398142850007, 40.77461511268854], [-73.9233091251149, 40.775153267872746], [-73.92398142850024, 40.77461511268849]], [[-73.9214687837298, 40.77305130769123], [-73.92007608636862, 40.77206691037681], [-73.9194217840495, 40.771595176232736], [-73.91870527754173, 40.77107888239208], [-73.9214687837298, 40.77305130769123]], [[-73.91815346581846, 40.77070124253985], [-73.91773737921572, 40.77041715000061], [-73.91870527754173, 40.77107888239208], [-73.91815346581846, 40.77070124253985]], [[-73.91807875178459, 40.77006199589546], [-73.9148737639832, 40.76947041784723], [-73.91388850089261, 40.769323930122674], [-73.91291677922973, 40.76916129840852], [-73.91094174829392, 40.76885247317221], [-73.91807875178459, 40.77006199589546]], [[-73.9386476977391, 40.738325873895185], [-73.93866650220471, 40.73826077098282], [-73.93863844336856, 40.738357389094105], [-73.9386476977391, 40.738325873895185]], [[-73.94487944944103, 40.75260631987494], [-73.94491119960513, 40.752620587480834], [-73.9446068828404, 40.75249460251721], [-73.94487944944103, 40.75260631987494]], [[-73.94408545636244, 40.752280877297984], [-73.94406053911351, 40.752305474273044], [-73.94408545636253, 40.75228087729802], [-73.94408545636244, 40.752280877297984]], [[-73.94401823315744, 40.75234992117887], [-73.94401823315748, 40.75234992117889], [-73.94404028130691, 40.752326436585655], [-73.94401823315744, 40.75234992117887]], [[-73.94253297768559, 40.751708940062365], [-73.94257907895722, 40.75172805169357], [-73.94242342350222, 40.75166458728269], [-73.94253297768559, 40.751708940062365]], [[-73.93799085305953, 40.74960255159589], [-73.93798307784596, 40.7496238615759], [-73.93798307784596, 40.749623861575934], [-73.93799085305953, 40.74960255159589]], [[-73.93804586445255, 40.74945326478063], [-73.93804586445253, 40.74945326478061], [-73.93803864629417, 40.749472644708526], [-73.93804586445255, 40.74945326478063]], [[-73.93663681803012, 40.74820409438756], [-73.93829714809354, 40.74693459364784], [-73.9381228656552, 40.747059955362936], [-73.93663681803012, 40.74820409438756]], [[-73.9403269599192, 40.74541314372137], [-73.94032695991926, 40.74541314372137], [-73.94184736394081, 40.74490369037659], [-73.94272343003047, 40.74457686346523], [-73.94319418065093, 40.744345706459534], [-73.9403269599192, 40.74541314372137]], [[-73.94383757094205, 40.7438718152542], [-73.94383757094205, 40.74387181525417], [-73.94366681184663, 40.74402143032188], [-73.94383757094205, 40.7438718152542]], [[-73.94419561612074, 40.742882146605616], [-73.94417942104066, 40.742948329965515], [-73.94419561612075, 40.74288214660561], [-73.94419561612074, 40.742882146605616]], [[-73.92094200047042, 40.71063867333094], [-73.92189184632589, 40.70939609721312], [-73.92074853049758, 40.71053364895845], [-73.92094200047042, 40.71063867333094]], [[-73.9094484629128, 40.65152159979489], [-73.90944846291283, 40.651521599794876], [-73.90927721976512, 40.65134149929464], [-73.9094484629128, 40.65152159979489]], [[-73.91325294124762, 40.64906142599606], [-73.91396129280821, 40.648600659223405], [-73.9151224141036, 40.64784902030105], [-73.91396129280804, 40.648600659223405], [-73.91325294124752, 40.64906142599606], [-73.91253589155268, 40.64952147916087], [-73.91171737844415, 40.65005123586651], [-73.91325294124762, 40.64906142599606]], [[-73.91764732219922, 40.64622293697512], [-73.91943014827687, 40.645060792268005], [-73.91953448976244, 40.64498681259434], [-73.91764732219922, 40.64622293697512]], [[-73.91973736982146, 40.64277814834529], [-73.91990782517176, 40.64432958074505], [-73.91995062900942, 40.6447076312368], [-73.91990782517186, 40.64432958074505], [-73.91973736982146, 40.64277814834529]], [[-73.91955576484067, 40.641184958349314], [-73.91955576484051, 40.641184958349314], [-73.9196595121925, 40.642078237784084], [-73.91955576484067, 40.641184958349314]], [[-73.91946588448808, 40.64028418701948], [-73.9195163334165, 40.64070320682702], [-73.91946290194765, 40.6402542624412], [-73.91946588448808, 40.64028418701948]], [[-73.91920324692201, 40.63776983803026], [-73.91928984555307, 40.638596033153036], [-73.91941912434099, 40.63982071947611], [-73.91945472876134, 40.64017313779411], [-73.91920324692201, 40.63776983803026]], [[-73.91912932258828, 40.6370652527122], [-73.91902770602769, 40.63609754453404], [-73.91917086080439, 40.63746086563576], [-73.91912932258828, 40.6370652527122]], [[-73.91899154506469, 40.635759063072314], [-73.9189121199975, 40.63503446032006], [-73.91892161170412, 40.63512106237994], [-73.91895156402649, 40.6353943189542], [-73.91899154506451, 40.63575906307237], [-73.91900289411026, 40.635862602981774], [-73.91899154506469, 40.635759063072314]], [[-73.91889070962108, 40.634839132666244], [-73.91888284157065, 40.63476735249991], [-73.9189121199975, 40.63503446032006], [-73.91889070962108, 40.634839132666244]], [[-73.91888284157065, 40.63476735249991], [-73.91885164337336, 40.634482718979044], [-73.91876282483179, 40.63363752915444], [-73.91888284157065, 40.63476735249991]], [[-73.91876282483179, 40.63363752915444], [-73.91860224674113, 40.63206832825298], [-73.91835491741013, 40.62979529836238], [-73.91824254400218, 40.628770075001434], [-73.91876282483179, 40.63363752915444]], [[-73.91824254400218, 40.628770075001434], [-73.91799464541273, 40.62645772344318], [-73.91775240094029, 40.6241647173568], [-73.91799464541269, 40.62645772344323], [-73.91824254400218, 40.628770075001434]], [[-73.91770927067414, 40.62371768614033], [-73.91751556071455, 40.62194031629424], [-73.91746991503236, 40.621512428608305], [-73.91741279634365, 40.62095853067322], [-73.91726440793867, 40.61954803847006], [-73.91746991503236, 40.62151242860837], [-73.91751556071443, 40.62194031629431], [-73.91770927067404, 40.62371768614033], [-73.91775240094029, 40.6241647173568], [-73.91770927067414, 40.62371768614033]], [[-73.91717137578591, 40.618711251962054], [-73.91716957895383, 40.61854904580494], [-73.91726440793867, 40.61954803847006], [-73.91717137578591, 40.618711251962054]], [[-73.89839353052854, 40.617350503602616], [-73.89852915303359, 40.61747485669662], [-73.8983860936171, 40.617343683035784], [-73.89839353052854, 40.617350503602616]], [[-73.898100736215, 40.617043985744445], [-73.8982252599187, 40.617177184013975], [-73.89853771030695, 40.6162651784475], [-73.898100736215, 40.617043985744445]], [[-73.8986361087929, 40.61507069866544], [-73.89879830845231, 40.614931033259985], [-73.89867125638678, 40.61503642673954], [-73.8986361087929, 40.61507069866544]], [[-73.89893627906505, 40.6148335118779], [-73.89903181503124, 40.61477608951397], [-73.89879836831628, 40.61493098874997], [-73.89893627906505, 40.6148335118779]], [[-73.90067167713046, 40.6137446462704], [-73.8999599342526, 40.61421057069578], [-73.90102248815194, 40.613510918425725], [-73.90067167713046, 40.6137446462704]], [[-73.90213040256708, 40.612780001262294], [-73.90213040256705, 40.612780001262315], [-73.90347276452165, 40.61398661316733], [-73.90213040256708, 40.612780001262294]], [[-73.9041535006041, 40.61357060466981], [-73.90417993927102, 40.613566205471635], [-73.90415350060414, 40.61357060466978], [-73.9041535006041, 40.61357060466981]], [[-73.91807058688072, 40.6061946117111], [-73.91847518961265, 40.60614556759992], [-73.9184751896127, 40.60614556759988], [-73.91807058688072, 40.6061946117111]], [[-73.93829679552474, 40.60806269410867], [-73.93753749374042, 40.6085573902577], [-73.93866067734118, 40.607827173089156], [-73.93829679552474, 40.60806269410867]], [[-73.93972613778841, 40.60713291512225], [-73.93791557841803, 40.6054979011057], [-73.93426266637968, 40.602230711366694], [-73.93972613778836, 40.60713291512225], [-73.93912154139817, 40.60752817228615], [-73.93972613778841, 40.60713291512225]], [[-73.95314947273832, 40.59702791856778], [-73.95314947273837, 40.59702791856778], [-73.95369855183401, 40.59696667356099], [-73.95314947273832, 40.59702791856778]], [[-73.94904681556345, 40.59747936203909], [-73.94904681556334, 40.59747936203909], [-73.94833522770396, 40.597556182282], [-73.94904681556345, 40.59747936203909]], [[-73.94784171140729, 40.59761020664798], [-73.9471920693735, 40.597682087773286], [-73.94622941025555, 40.59778899208382], [-73.9452651914221, 40.597893626948775], [-73.94784171140729, 40.59761020664798]], [[-73.93996699142564, 40.60063944829322], [-73.93996699142575, 40.60063944829322], [-73.94028441446987, 40.600604603612624], [-73.93996699142564, 40.60063944829322]], [[-73.93715062943085, 40.60094886618535], [-73.93811308549151, 40.60084375767192], [-73.93835514143369, 40.60081707507936], [-73.9381130854914, 40.60084375767192], [-73.93715062943085, 40.60094886618535]], [[-73.93447158747564, 40.60123151189667], [-73.9344715874755, 40.601231511896685], [-73.93500242682234, 40.60170665428255], [-73.93447158747564, 40.60123151189667]], [[-73.94405560778226, 40.61199284223628], [-73.94364091053592, 40.60985881739075], [-73.94354697934085, 40.60934655569804], [-73.94231175793385, 40.60826819732566], [-73.94187229945072, 40.60855546746671], [-73.94154757627084, 40.608767736799706], [-73.9423117579338, 40.60826819732571], [-73.94354697934085, 40.609346555698075], [-73.94369953786405, 40.61021403910655], [-73.94380031914206, 40.61071911916207], [-73.94405560778222, 40.61199284223628], [-73.94417450628579, 40.61272253843789], [-73.9445736639243, 40.61480377240387], [-73.94482770908351, 40.61604620910915], [-73.9446759943256, 40.61616511253547], [-73.94395779406359, 40.616816309966694], [-73.94346961949482, 40.617385002372195], [-73.94325340656655, 40.61741206433592], [-73.94346961949489, 40.617385002372195], [-73.94482770908357, 40.61604620910915], [-73.9445736639243, 40.61480377240381], [-73.94405560778226, 40.61199284223628]], [[-73.94078914021118, 40.617696789890815], [-73.94078914021105, 40.617696789890836], [-73.94045274629325, 40.6179290507152], [-73.94078914021118, 40.617696789890815]], [[-73.93792463589753, 40.619576440172104], [-73.93828802339902, 40.61932902039413], [-73.93864732196226, 40.619097246400045], [-73.93884699152089, 40.61896791201808], [-73.93792463589753, 40.619576440172104]], [[-73.93696272585431, 40.620199140532364], [-73.93692093678115, 40.62022277471312], [-73.93713843602255, 40.62008353181387], [-73.93696272585431, 40.620199140532364]], [[-73.93320457514416, 40.61697044275368], [-73.93320457514412, 40.61697044275365], [-73.93248727319728, 40.61743170236122], [-73.93320457514416, 40.61697044275368]], [[-73.92776129984664, 40.614373425519716], [-73.92772281969349, 40.61433965680612], [-73.92790047976186, 40.61449835345583], [-73.92776129984664, 40.614373425519716]], [[-73.92739580602223, 40.61405269107775], [-73.92739626414269, 40.614098996035864], [-73.92739626414279, 40.61409899603595], [-73.92739580602223, 40.61405269107775]], [[-73.92631598873284, 40.613439676548744], [-73.926297698486, 40.61319215567536], [-73.92637880448073, 40.61421234192173], [-73.92631598873284, 40.613439676548744]], [[-73.91937088610646, 40.61469022304934], [-73.9201069983112, 40.61421212939282], [-73.92052694019553, 40.613942695005846], [-73.92010699831108, 40.61421212939286], [-73.91960797059058, 40.614534465040634], [-73.9193708861064, 40.61469022304934], [-73.91893348331499, 40.61496778028053], [-73.91870396688101, 40.61511885464708], [-73.91893348331504, 40.61496778028053], [-73.91937088610646, 40.61469022304934]], [[-73.91714262467889, 40.618165039742124], [-73.91690302605198, 40.61627422991029], [-73.91719587322127, 40.616091716915584], [-73.91750642127734, 40.6158918521825], [-73.91690302605194, 40.61627422991029], [-73.91700809860296, 40.617201924225135], [-73.91714262467889, 40.618165039742124]], [[-73.94020563838896, 40.70112430564639], [-73.94034752392557, 40.70109281313789], [-73.94008119310203, 40.70115192707164], [-73.94020563838896, 40.70112430564639]], [[-73.9395100813986, 40.70127978124761], [-73.9396543998817, 40.70124724732274], [-73.93886864038006, 40.70142767348361], [-73.9395100813986, 40.70127978124761]], [[-73.93827139463636, 40.701569642322475], [-73.93765493265369, 40.70173231239807], [-73.93756034839191, 40.701757271204315], [-73.93811592410586, 40.701610668852254], [-73.93827139463636, 40.701569642322475]], [[-73.93395092906454, 40.70267459320026], [-73.93533652897642, 40.702314825838414], [-73.93698073994874, 40.70191027765934], [-73.93533652897652, 40.70231482583837], [-73.93395092906454, 40.70267459320026]], [[-73.93352262533529, 40.70284898237519], [-73.9339119785262, 40.702690452394975], [-73.93282154478855, 40.703122187518666], [-73.93352262533529, 40.70284898237519]], [[-73.93023688855307, 40.704131132092286], [-73.93255592110013, 40.703225396798125], [-73.92995803031651, 40.70424179413509], [-73.93023688855307, 40.704131132092286]], [[-73.92608930026967, 40.705679701162], [-73.92873773065018, 40.70471695076351], [-73.92933564312845, 40.70448480148577], [-73.92608930026967, 40.705679701162]], [[-73.9009007614433, 40.59014959205826], [-73.90098700523913, 40.590103019015885], [-73.9009870052391, 40.59010301901586], [-73.9009007614433, 40.59014959205826]], [[-73.9104712584595, 40.598849111671505], [-73.91036708176999, 40.59875444507197], [-73.91016374954886, 40.598569679819306], [-73.91038185516955, 40.59876787484836], [-73.9104712584595, 40.598849111671505]], [[-73.91303700102176, 40.60112848405192], [-73.91303700102172, 40.601128484051884], [-73.91314370305136, 40.60122474131602], [-73.91303700102176, 40.60112848405192]], [[-73.89155833925665, 40.58171740184862], [-73.89147550368568, 40.581765381329795], [-73.89155833925669, 40.58171740184866], [-73.89155833925665, 40.58171740184862]], [[-73.90695929973872, 40.64930681778522], [-73.90754641322083, 40.649834253795134], [-73.9075868786322, 40.64987060331812], [-73.90754641322089, 40.649834253795134], [-73.90695929973872, 40.64930681778522]], [[-73.90509580193182, 40.64760685197931], [-73.905799836237, 40.64826507856706], [-73.90584115561565, 40.648302207767], [-73.90579983623707, 40.64826507856706], [-73.90509580193182, 40.64760685197931]], [[-73.90398200421099, 40.6466285675762], [-73.90398200421096, 40.64662856757622], [-73.90509580193182, 40.64760685197931], [-73.90398200421099, 40.6466285675762]], [[-73.90165833576025, 40.648142212617444], [-73.90165833576015, 40.64814221261748], [-73.90074707802192, 40.64873544459087], [-73.90165833576025, 40.648142212617444]], [[-73.90074707802192, 40.64873544459087], [-73.89946894175532, 40.64954176946872], [-73.89872808706697, 40.6500246078733], [-73.8979764941716, 40.65049403187294], [-73.89779457103755, 40.65061310982981], [-73.8977151590313, 40.650665089119634], [-73.89872808706708, 40.6500246078733], [-73.89946894175542, 40.649541769468684], [-73.90019369679295, 40.649088818967975], [-73.90074707802192, 40.64873544459087]], [[-73.89725834024611, 40.65096409665346], [-73.89742477730529, 40.65085501170554], [-73.89757174709248, 40.650758886929175], [-73.89742477730523, 40.65085501170554], [-73.89725834024611, 40.65096409665346]], [[-73.89603659933665, 40.65176566889959], [-73.89627957580495, 40.65160624219776], [-73.89675272131805, 40.651295787078304], [-73.89603659933665, 40.65176566889959]], [[-73.89610981459671, 40.652103912159745], [-73.89610981459664, 40.652103912159745], [-73.89645414085675, 40.652413724632765], [-73.89610981459671, 40.652103912159745]], [[-73.89761013176373, 40.6534538161202], [-73.8967684498725, 40.65269652550871], [-73.89663417850561, 40.65257571567129], [-73.89761013176373, 40.6534538161202]], [[-73.89741344662534, 40.65353832122167], [-73.8967934818278, 40.653804679344184], [-73.89761013176373, 40.6534538161202], [-73.89741344662534, 40.65353832122167]], [[-73.89677655582445, 40.653811974169784], [-73.89594442756807, 40.65417288840247], [-73.89579363270809, 40.65423717177065], [-73.89594442756818, 40.65417288840247], [-73.89677655582445, 40.653811974169784]], [[-73.89441113955051, 40.65483294916762], [-73.89354677007854, 40.6552027140832], [-73.89520540200809, 40.654487930027926], [-73.89441113955051, 40.65483294916762]], [[-73.89003782430765, 40.65117817747683], [-73.8913654349918, 40.652364719948864], [-73.89138104633726, 40.65238147426628], [-73.89136543499184, 40.65236471994889], [-73.89003782430765, 40.65117817747683]], [[-73.90018945890408, 40.62691769661175], [-73.8995519292775, 40.62746672981321], [-73.89945141069326, 40.62752225535968], [-73.90018945890408, 40.62691769661175]], [[-73.89865732618013, 40.628026148390816], [-73.8991788409646, 40.62769303056235], [-73.89818207178408, 40.628333369415955], [-73.89865732618013, 40.628026148390816]], [[-73.8969261140811, 40.62913706821126], [-73.89576910486072, 40.62988398738529], [-73.89532997220735, 40.630170771714035], [-73.8969261140811, 40.62913706821126]], [[-73.89423120933276, 40.63087904468516], [-73.89471209269809, 40.630570804232306], [-73.8935115211012, 40.63134357079697], [-73.89423120933276, 40.63087904468516]], [[-73.89081563470049, 40.63085391554503], [-73.89270581205292, 40.63177646733121], [-73.8908156347006, 40.63085391554503], [-73.89182600426192, 40.629649127831804], [-73.89217602895185, 40.629224621655524], [-73.89081563470049, 40.63085391554503]], [[-73.88951672357308, 40.62936064691224], [-73.89209387061061, 40.628657734739036], [-73.89227223272182, 40.629107946758836], [-73.89209387061061, 40.628657734739], [-73.89011158941273, 40.62897571437586], [-73.88951672357308, 40.62936064691224]], [[-73.88747609059246, 40.6301197781985], [-73.8889037414644, 40.62991585837532], [-73.88693663983214, 40.630457744194445], [-73.88747609059246, 40.6301197781985]], [[-73.88544642501228, 40.63139843520918], [-73.88591551253258, 40.63110230336409], [-73.88544515908296, 40.63139923460962], [-73.88544642501228, 40.63139843520918]], [[-73.88532132094186, 40.63148267110324], [-73.88534962939488, 40.63146356029067], [-73.88522177810395, 40.63154987181863], [-73.88532132094186, 40.63148267110324]], [[-73.88495815653476, 40.63172884979926], [-73.88496891513033, 40.63172108657188], [-73.88487210277918, 40.631790944915366], [-73.88495815653476, 40.63172884979926]], [[-73.88372874751302, 40.63267529937435], [-73.8834794676553, 40.63289208802026], [-73.8834556147478, 40.63291310277847], [-73.88372874751302, 40.63267529937435]], [[-73.88327564939613, 40.63307165685991], [-73.88332823171412, 40.633025330089694], [-73.88310394234462, 40.63323346847508], [-73.88327564939613, 40.63307165685991]], [[-73.88559877508821, 40.635898995429386], [-73.88554995232798, 40.63585265838112], [-73.88566646355987, 40.635963237313526], [-73.88559877508821, 40.635898995429386]], [[-73.88157395140739, 40.639052195683], [-73.88123453553001, 40.639276330310814], [-73.88292084990019, 40.63819014841876], [-73.88157395140739, 40.639052195683]], [[-73.90026348547984, 40.73474194779536], [-73.90026348547984, 40.734741947795364], [-73.9003411520535, 40.73469754276577], [-73.90026348547984, 40.73474194779536]], [[-73.89408253409208, 40.76632965619758], [-73.90226637075733, 40.767456944444014], [-73.9025110402065, 40.76748594137081], [-73.9027577999346, 40.767503546616325], [-73.90300528713244, 40.767509663530475], [-73.90386991485197, 40.767495311865574], [-73.90418895200064, 40.76753028543625], [-73.89432371955363, 40.76614647173497], [-73.89408253409208, 40.76632965619758]], [[-73.90418895200064, 40.76753028543625], [-73.90446527042282, 40.767583779371606], [-73.90531717784724, 40.76789865071792], [-73.90418895200064, 40.76753028543625]], [[-73.89385987595301, 40.76642144575047], [-73.89324194601136, 40.766336588728294], [-73.89285368307233, 40.76630345824118], [-73.89278573124123, 40.76630017386301], [-73.89385987595301, 40.76642144575047]], [[-73.89275853506042, 40.76629885919037], [-73.89207288343792, 40.766280091362326], [-73.89183566989914, 40.76628041738446], [-73.89275853506042, 40.76629885919037]], [[-73.8910902771304, 40.76633663560282], [-73.8910902771304, 40.766336635602826], [-73.89146275616669, 40.76630852679236], [-73.8910902771304, 40.76633663560282]], [[-73.89100243394738, 40.76611724479469], [-73.89107453986914, 40.766287141518475], [-73.89089043605875, 40.765858198612335], [-73.89100243394738, 40.76611724479469]], [[-73.89072002570772, 40.76588688002708], [-73.89078199310809, 40.765876450421715], [-73.89057202840199, 40.7659244703009], [-73.89072002570772, 40.76588688002708]], [[-73.88994886716881, 40.766104409553606], [-73.89018644913253, 40.766033235064164], [-73.88969431298962, 40.76616883701199], [-73.88994886716881, 40.766104409553606]], [[-73.8884841659715, 40.76656861607998], [-73.8887731048613, 40.76651132717323], [-73.88877310486137, 40.76651132717319], [-73.8884841659715, 40.76656861607998]], [[-73.88836546335685, 40.76676959313515], [-73.88836260195875, 40.766750466099055], [-73.88797216138975, 40.76685791362911], [-73.88836546335685, 40.76676959313515]], [[-73.9057735290384, 40.768028588758405], [-73.90708728835247, 40.76823623153259], [-73.90900804123059, 40.768547190199186], [-73.90985637457632, 40.7686781418714], [-73.90611304918953, 40.76806770509783], [-73.90577352903836, 40.76802858875836], [-73.90554847949568, 40.76797657989102], [-73.9057735290384, 40.768028588758405]], [[-73.86165883973725, 40.76460194160916], [-73.86093691422919, 40.7637286154913], [-73.86066255571419, 40.763805415549434], [-73.86093691422919, 40.76372861549134], [-73.86165883973725, 40.76460194160916]], [[-73.86171623663634, 40.76466971680044], [-73.86293134292119, 40.766104482203374], [-73.86312333627413, 40.766302293701756], [-73.86332222060472, 40.766504071350155], [-73.86343714092334, 40.7666206612435], [-73.86404069913071, 40.767207619354544], [-73.86427231280356, 40.76743285892287], [-73.86464762840366, 40.767767168790506], [-73.86476524802691, 40.76787193652742], [-73.86483996040376, 40.7679384848905], [-73.86538332974823, 40.76837642467017], [-73.86598349192941, 40.76886012712938], [-73.86683541481949, 40.76946674690341], [-73.86720305118553, 40.7697285195538], [-73.86171623663634, 40.76466971680044]], [[-73.85947416303841, 40.67138053253825], [-73.85947416303853, 40.67138053253825], [-73.85981033559531, 40.67133299728796], [-73.85947416303841, 40.67138053253825]], [[-73.85763323108364, 40.6716561940382], [-73.85763323108368, 40.67165619403819], [-73.85755170723394, 40.67134396235201], [-73.85763323108364, 40.6716561940382]], [[-73.85667995572982, 40.667924159677824], [-73.85652057732504, 40.66727558822484], [-73.85674361079508, 40.66818318751123], [-73.85667995572982, 40.667924159677824]], [[-73.85611710120746, 40.663808403138866], [-73.85611710120757, 40.663808403138816], [-73.85568461155036, 40.6638674928749], [-73.85611710120746, 40.663808403138866]], [[-73.85761537119583, 40.660118933153164], [-73.85761537119585, 40.6601189331532], [-73.85851436327641, 40.659898942467976], [-73.85761537119583, 40.660118933153164]], [[-73.85851436327641, 40.659898942467976], [-73.8603049456405, 40.65963465530415], [-73.86118875481395, 40.65925462639104], [-73.86256365054902, 40.65855886763736], [-73.86030494564054, 40.65963465530412], [-73.85851436327641, 40.659898942467976]], [[-73.86001322825, 40.65397342586144], [-73.86010738291576, 40.65408760628045], [-73.85996855461856, 40.6539142686547], [-73.86001322825, 40.65397342586144]], [[-73.86475565480411, 40.68219407022092], [-73.86410096591109, 40.682372850291735], [-73.86410096591109, 40.68237285029176], [-73.86456494299033, 40.68224615007631], [-73.86475565480411, 40.68219407022092]], [[-73.86202842935593, 40.67788611503622], [-73.86192308152201, 40.67746094218292], [-73.86225942935181, 40.67881678615468], [-73.86202842935593, 40.67788611503622]], [[-73.8872198170022, 40.7670476188606], [-73.8876460529939, 40.766933002129534], [-73.88771624243003, 40.76691745565465], [-73.88764605299384, 40.7669330021295], [-73.8872198170022, 40.7670476188606]], [[-73.88672384378995, 40.76718378038475], [-73.88622657871517, 40.76732718318856], [-73.88591561771288, 40.76742363862013], [-73.88622657871507, 40.76732718318862], [-73.88672384378995, 40.76718378038475]], [[-73.88520948160665, 40.76765322844823], [-73.88520948160676, 40.76765322844819], [-73.88466947459116, 40.76785076830626], [-73.88520948160665, 40.76765322844823]], [[-73.88431910348122, 40.767981661495526], [-73.88431910348116, 40.767981661495554], [-73.88459916203423, 40.76787699817897], [-73.88431910348122, 40.767981661495526]], [[-73.88312847474559, 40.7685028948292], [-73.88312847474565, 40.7685028948292], [-73.88315612478107, 40.768489734006955], [-73.88312847474559, 40.7685028948292]], [[-73.8802631805054, 40.770017004499365], [-73.87990633883815, 40.770213539184624], [-73.87975287179155, 40.77029795253549], [-73.87990633883821, 40.77021353918467], [-73.8802631805054, 40.770017004499365]], [[-73.87912387679327, 40.770620937690566], [-73.87912387679327, 40.7706209376906], [-73.87934458002563, 40.770512406154396], [-73.87912387679327, 40.770620937690566]], [[-73.87876439572219, 40.770792925410014], [-73.87876439572224, 40.77079292540998], [-73.87837846570135, 40.77094947357409], [-73.87876439572219, 40.770792925410014]], [[-73.87779152788269, 40.77116692973374], [-73.87699426181423, 40.77142266038266], [-73.87630523928205, 40.77158474779755], [-73.87699426181423, 40.7714226603827], [-73.87779152788269, 40.77116692973374]], [[-73.87489704627282, 40.77180064900888], [-73.87602215486686, 40.7716479312057], [-73.87609617190003, 40.7716333687215], [-73.87489704627282, 40.77180064900888]], [[-73.87259590943476, 40.771830944829325], [-73.8695692087234, 40.77108676784454], [-73.87383200892604, 40.77187090978045], [-73.87259590943476, 40.771830944829325]], [[-73.8695692087234, 40.77108676784454], [-73.86800281688815, 40.77025516934752], [-73.86720931914178, 40.76973298260389], [-73.8695692087234, 40.77108676784454]], [[-73.79141088958019, 40.787745139073394], [-73.7931409571999, 40.78696227714665], [-73.79126689047601, 40.787812612737504], [-73.79141088958019, 40.787745139073394]], [[-73.79494008922224, 40.786275007036245], [-73.79444040824305, 40.7864365263062], [-73.79580451851862, 40.786071209528615], [-73.79494008922224, 40.786275007036245]], [[-73.79680556870105, 40.785924648110914], [-73.79657850434761, 40.78595789228778], [-73.79683437952137, 40.78591617138934], [-73.79680556870105, 40.785924648110914]], [[-73.79717780088862, 40.78588944138142], [-73.79783171697142, 40.78584566904739], [-73.79783171697133, 40.78584566904739], [-73.79717780088862, 40.78588944138142]], [[-73.79925960720763, 40.785885355727615], [-73.79923828950653, 40.78588457219604], [-73.79928384146767, 40.785886246284576], [-73.79925960720763, 40.785885355727615]], [[-73.80214989070538, 40.78600432037704], [-73.8020564156385, 40.786000887991726], [-73.80233115866083, 40.78601407035296], [-73.80214989070538, 40.78600432037704]], [[-73.80241451648322, 40.78588282994747], [-73.80241451648305, 40.78588282994753], [-73.80242243472784, 40.78601897987739], [-73.80241451648322, 40.78588282994747]], [[-73.80241070073104, 40.785817210985336], [-73.80274225191592, 40.78325366810307], [-73.80284010571091, 40.78255003726735], [-73.80241070073104, 40.785817210985336]], [[-73.80293830008435, 40.78183503370382], [-73.80299444539155, 40.78143453791117], [-73.80284010571091, 40.78255003726735], [-73.80293830008435, 40.78183503370382]], [[-73.80324974651842, 40.781275479894724], [-73.80321125638166, 40.781293997108016], [-73.80308685195016, 40.781023791419315], [-73.80324974651842, 40.781275479894724]], [[-73.8032006447533, 40.77988363117759], [-73.8033863240529, 40.778586772518416], [-73.80313481592336, 40.78041580609976], [-73.8032006447533, 40.77988363117759]], [[-73.80359647183923, 40.77703047198054], [-73.80346805944711, 40.777969600715274], [-73.80369287408381, 40.77631968780793], [-73.80359647183923, 40.77703047198054]], [[-73.80098973976801, 40.775389116457085], [-73.7982329544583, 40.77484830546485], [-73.80218994910389, 40.775483829174064], [-73.80098973976801, 40.775389116457085]], [[-73.7982329544583, 40.77484830546485], [-73.7977218994506, 40.77427237380727], [-73.79757522828393, 40.774136842043234], [-73.79741530928378, 40.77401038228474], [-73.7982329544583, 40.77484830546485]], [[-73.79741522639496, 40.77401032015442], [-73.79741516882056, 40.77401028158922], [-73.79741530928378, 40.77401038228474], [-73.79741522639496, 40.77401032015442]], [[-73.79733226096988, 40.773954107956605], [-73.79652490367192, 40.773503278469086], [-73.79565701988967, 40.773036087215814], [-73.79733226096988, 40.773954107956605]], [[-73.79174472581707, 40.725788850394274], [-73.79147613632217, 40.72513846598615], [-73.79136701893637, 40.72495161826622], [-73.79120973681027, 40.7247048950182], [-73.79174472581707, 40.725788850394274]], [[-73.79029346722429, 40.721376149772006], [-73.7903570387927, 40.72300530017993], [-73.790451492572, 40.723554532324904], [-73.79077790086895, 40.72403685092631], [-73.79029346722429, 40.721376149772006]], [[-73.79029346722429, 40.721376149772006], [-73.79037191520054, 40.72013207015193], [-73.7905321083436, 40.7197519600278], [-73.79076913969983, 40.719134189359565], [-73.79029346722429, 40.721376149772006]], [[-73.7911594898525, 40.71873143438898], [-73.79115948985245, 40.71873143438898], [-73.79108945775137, 40.71876985162959], [-73.7911594898525, 40.71873143438898]], [[-73.79162842582066, 40.7184179653091], [-73.79210870071175, 40.71779218774449], [-73.792108720768, 40.71779214765475], [-73.79162842582066, 40.7184179653091]], [[-73.79226766030074, 40.71728392737746], [-73.79234087510487, 40.716462873766154], [-73.79212346670465, 40.71775717708317], [-73.79226766030074, 40.71728392737746]], [[-73.79234087510487, 40.716462873766154], [-73.79268721493835, 40.71568003348162], [-73.79314903694576, 40.71493343025916], [-73.79346012338414, 40.71441919204452], [-73.79353164228013, 40.71427725660168], [-73.79353167866981, 40.714277165532025], [-73.79268721493828, 40.71568003348162], [-73.79240413283499, 40.71619304097273], [-73.79234087510487, 40.716462873766154]], [[-73.79362091183948, 40.71397534718106], [-73.79358826574341, 40.7141175149897], [-73.79363595475215, 40.71382349307813], [-73.79362091183948, 40.71397534718106]], [[-73.79363635362844, 40.71381920900065], [-73.79361295256943, 40.71354553900812], [-73.79363636603522, 40.71381939732369], [-73.79363635362844, 40.71381920900065]], [[-73.79360705552685, 40.71350852330439], [-73.79360706281675, 40.71350856139361], [-73.79360704682311, 40.713508485169925], [-73.79360705552685, 40.71350852330439]], [[-73.79356328385921, 40.71335799632412], [-73.79359487276983, 40.71346661958058], [-73.79350163404914, 40.713213398384205], [-73.79356328385921, 40.71335799632412]], [[-73.79321635514528, 40.71261328102112], [-73.79306872666785, 40.71219599572569], [-73.79350163404914, 40.713213398384205], [-73.79321635514528, 40.71261328102112]], [[-73.79302951987799, 40.71094204101221], [-73.79300721964282, 40.7115494699249], [-73.79300604107823, 40.71176522155709], [-73.79302654137983, 40.71198136463999], [-73.79302951987799, 40.71094204101221]], [[-73.79120539644889, 40.71136409519316], [-73.7920285456244, 40.71106937219979], [-73.7930379992026, 40.71071107542323], [-73.79202854562446, 40.711069372199745], [-73.79120539644889, 40.71136409519316]], [[-73.80282354993169, 40.665223374561], [-73.80432050482743, 40.665120734035824], [-73.80472088404267, 40.665075064587946], [-73.80282354993169, 40.665223374561]], [[-73.8061105209921, 40.66491654531078], [-73.80779777527616, 40.66458900874786], [-73.80820643922456, 40.66450901093198], [-73.8061105209921, 40.66491654531078]], [[-73.80845016114492, 40.664461301263955], [-73.80845016114498, 40.66446130126395], [-73.80857465507776, 40.66440983046461], [-73.80845016114492, 40.664461301263955]], [[-73.80945926777504, 40.66404408953082], [-73.8090589241162, 40.664209611921066], [-73.81001066102903, 40.66381611230691], [-73.80945926777504, 40.66404408953082]], [[-73.81155792921298, 40.66317766702203], [-73.81130891232216, 40.66328041175135], [-73.81168861099222, 40.66313287201105], [-73.81155792921298, 40.66317766702203]], [[-73.81235422084337, 40.66295282750937], [-73.81207833282086, 40.66301704644756], [-73.81240303701979, 40.66294146424975], [-73.81235422084337, 40.66295282750937]], [[-73.81361908829352, 40.66279938585328], [-73.81361908829341, 40.66279938585328], [-73.81359417625609, 40.662800347244435], [-73.81361908829352, 40.66279938585328]], [[-73.81695355966913, 40.66311562275215], [-73.81677977975428, 40.66309591393021], [-73.81766166142512, 40.663195920068866], [-73.81695355966913, 40.66311562275215]], [[-73.82351605638802, 40.66356252028452], [-73.8230521047831, 40.66355387863717], [-73.82296101186117, 40.66386013874917], [-73.82305210478327, 40.66355387863719], [-73.82351605638802, 40.66356252028452]], [[-73.82789758779751, 40.663906307528215], [-73.82713313475926, 40.66375536870118], [-73.82822560968974, 40.66400024313524], [-73.82789758779751, 40.663906307528215]], [[-73.83270533815954, 40.665405773282465], [-73.83029375054035, 40.66040199153004], [-73.830031319839, 40.65989400883233], [-73.82991335621287, 40.65966566868381], [-73.82931420086834, 40.65889865674471], [-73.83270533815954, 40.665405773282465]], [[-73.82931420086834, 40.65889865674471], [-73.82807181030353, 40.65526770320433], [-73.8278645449468, 40.654404707862085], [-73.82931420086834, 40.65889865674471]], [[-73.82770683469282, 40.65374803669139], [-73.82778454187279, 40.65407159403832], [-73.82765392335061, 40.653527720122916], [-73.82770683469282, 40.65374803669139]], [[-73.82736078848728, 40.65230711930771], [-73.82712509843725, 40.651325686470635], [-73.8275224494009, 40.65298027417084], [-73.82736078848728, 40.65230711930771]], [[-73.7936031680117, 40.77338277017356], [-73.79499129204905, 40.773143348432434], [-73.79557358401856, 40.77304924513708], [-73.7936031680117, 40.77338277017356]], [[-73.79149598695214, 40.77427488846576], [-73.79149598695214, 40.7742748884657], [-73.79034971702966, 40.774573094707705], [-73.79149598695214, 40.77427488846576]], [[-73.78740991590456, 40.77531789240434], [-73.78893975769441, 40.77490059230756], [-73.78913873592965, 40.77484869117617], [-73.78740991590456, 40.77531789240434]], [[-73.78459339349048, 40.77614122569327], [-73.78459339349038, 40.776141225693316], [-73.78531192958134, 40.775924505648504], [-73.78459339349048, 40.77614122569327]], [[-73.78407645292077, 40.77628882355979], [-73.7827977285089, 40.77666603617736], [-73.78149545578088, 40.77705149648403], [-73.78279772850883, 40.776666036177396], [-73.78407645292077, 40.77628882355979]], [[-73.78012006497042, 40.77746272239522], [-73.77947656058417, 40.777664169919376], [-73.77900717381866, 40.77779525197468], [-73.77947656058417, 40.77766416991941], [-73.78012006497042, 40.77746272239522]], [[-73.77553732181362, 40.777025597979296], [-73.7758395817773, 40.7786123731144], [-73.77678363262255, 40.77840958379054], [-73.77769354895253, 40.778160416552], [-73.77583958177736, 40.778612373114356], [-73.77553732181362, 40.777025597979296]], [[-73.77378257015204, 40.777547468007874], [-73.77290301815718, 40.7778042814833], [-73.77203608018608, 40.77806980361344], [-73.77290301815707, 40.77780428148334], [-73.77378257015204, 40.777547468007874]], [[-73.77203608018608, 40.77806980361344], [-73.76885562596757, 40.77901955724768], [-73.76867036762958, 40.77907724661789], [-73.76885562596757, 40.77901955724772], [-73.76934982382717, 40.778874769060614], [-73.77113180255893, 40.77834080977954], [-73.77203608018608, 40.77806980361344]], [[-73.76840039360238, 40.778666314483736], [-73.76815640868458, 40.77812526976861], [-73.76861267825942, 40.779095211063996], [-73.76840039360238, 40.778666314483736]], [[-73.76808601543439, 40.778143460824055], [-73.76803393396195, 40.77815712287767], [-73.76815640868458, 40.77812526976861], [-73.76808601543439, 40.778143460824055]], [[-73.76785545853701, 40.77820525075123], [-73.76785545853701, 40.77820525075119], [-73.76780122820392, 40.778221433642365], [-73.76785545853701, 40.77820525075123]], [[-73.75069686182674, 40.706147876142666], [-73.74864286360182, 40.70158693935266], [-73.74804073610379, 40.70023943418569], [-73.74785984351641, 40.699839756575116], [-73.74864286360176, 40.70158693935266], [-73.75069686182674, 40.706147876142666]], [[-73.74769081307134, 40.69956333832293], [-73.74773012049562, 40.69955313683165], [-73.7477301204956, 40.69955313683161], [-73.74769081307134, 40.69956333832293]], [[-73.74500118994638, 40.700262213048546], [-73.74549232112665, 40.70013377185276], [-73.74588751727158, 40.700030417034846], [-73.74641311088288, 40.69989454857673], [-73.74588751727158, 40.7000304170348], [-73.74500118994632, 40.700262213048546], [-73.74533119698906, 40.700998598726386], [-73.74500118994638, 40.700262213048546]], [[-73.74386175826109, 40.702811096430715], [-73.74330723785346, 40.70295979673737], [-73.7441343538415, 40.702742111631544], [-73.74386175826109, 40.702811096430715]], [[-73.74330723785346, 40.70295979673737], [-73.74089188579316, 40.703481645587686], [-73.7407767579591, 40.70267983786256], [-73.74072128144134, 40.702678019369415], [-73.73819579924722, 40.70259533588876], [-73.73430403593768, 40.702478132196305], [-73.73426455293747, 40.70321954338105], [-73.73036969840581, 40.70309853308709], [-73.73426455293747, 40.70321954338109], [-73.73430403593768, 40.702478132196354], [-73.74077675795905, 40.70267983786259], [-73.74089188579306, 40.70348164558772], [-73.74148805155744, 40.70343161263624], [-73.74287389231225, 40.70307494292333], [-73.74330723785346, 40.70295979673737]], [[-73.7277679180175, 40.703020637942124], [-73.72776791801746, 40.703020637942124], [-73.73036969840581, 40.70309853308709], [-73.7277679180175, 40.703020637942124]], [[-73.72725657440931, 40.70304149872013], [-73.72714682773731, 40.70304596363701], [-73.72736038650116, 40.703037266801324], [-73.72725657440931, 40.70304149872013]], [[-73.74117817210478, 40.66640295437147], [-73.74080404469419, 40.666843967703386], [-73.73993331531666, 40.667763829154985], [-73.73921986258559, 40.66851888383152], [-73.74080404469424, 40.666843967703386], [-73.74117817210484, 40.66640295437147], [-73.74021946225426, 40.66640227670198], [-73.74117817210478, 40.66640295437147]], [[-73.74021946225426, 40.66640227670198], [-73.73993110528929, 40.66640155380426], [-73.73975201598914, 40.66640327875517], [-73.74021946225426, 40.66640227670198]], [[-73.73849170515227, 40.666415406130746], [-73.73891022791689, 40.665954492079464], [-73.73849170515221, 40.66641540613078], [-73.73975201598914, 40.66640327875517], [-73.73849170515227, 40.666415406130746]], [[-73.73920854998133, 40.66562918926283], [-73.73929874197134, 40.665531147402824], [-73.73891022791689, 40.665954492079464], [-73.73920854998133, 40.66562918926283]], [[-73.73754673738372, 40.67033434438518], [-73.73798805938823, 40.669789636932194], [-73.7385008645675, 40.66928477328204], [-73.7387524573058, 40.66901207751079], [-73.73754673738372, 40.67033434438518]], [[-73.73735527391169, 40.67061884176985], [-73.73721565885668, 40.670856366088834], [-73.73754673738372, 40.67033434438518], [-73.73735527391169, 40.67061884176985]], [[-73.73677727846196, 40.67076512453786], [-73.73677727846184, 40.67076512453782], [-73.73670005054487, 40.67087526879453], [-73.73677727846196, 40.67076512453786]], [[-73.73592171572834, 40.67265118359078], [-73.73576185151714, 40.67221375820201], [-73.73552296460711, 40.67255707215126], [-73.73592171572828, 40.67265118359078], [-73.73561853866774, 40.67313052767577], [-73.73592171572834, 40.67265118359078]], [[-73.73561853866774, 40.67313052767577], [-73.7350275136971, 40.674028290758464], [-73.73437144764284, 40.67482761600872], [-73.73561853866774, 40.67313052767577]], [[-73.73384204147894, 40.67546337684209], [-73.73384204147882, 40.67546337684213], [-73.73325568228107, 40.67621594469686], [-73.73384204147894, 40.67546337684209]], [[-73.73047301194761, 40.6793479372618], [-73.72874616729608, 40.68094285780526], [-73.72864150456387, 40.68106484949812], [-73.73047301194771, 40.6793479372618], [-73.73106142318657, 40.67830662071909], [-73.73187382864496, 40.67756892137392], [-73.73264174416244, 40.67685702736525], [-73.7310614231864, 40.67830662071913], [-73.73047301194761, 40.6793479372618]], [[-73.72720084065726, 40.68356123457955], [-73.72718272361958, 40.68359733001578], [-73.72770888044657, 40.68254937807322], [-73.72720084065726, 40.68356123457955]], [[-73.80188667388337, 40.66524891789361], [-73.80188785364594, 40.66524891065562], [-73.8018842186736, 40.665248961302204], [-73.80188667388337, 40.66524891789361]], [[-73.79256433059325, 40.664514276637235], [-73.7928113821529, 40.66454798109886], [-73.79247926392809, 40.6645030776082], [-73.79256433059325, 40.664514276637235]], [[-73.78984347045605, 40.66413599273405], [-73.78985305608857, 40.664137270138426], [-73.78960943209498, 40.664104802776386], [-73.78984347045605, 40.66413599273405]], [[-73.77932933052456, 40.66183952084507], [-73.77919377487603, 40.66169035982986], [-73.77919377487588, 40.6616903598298], [-73.77932933052456, 40.66183952084507]], [[-73.7770026436741, 40.660711410701154], [-73.7768603689506, 40.66065943693896], [-73.776778459636, 40.66063584454681], [-73.7770026436741, 40.660711410701154]], [[-73.76873168585863, 40.6569200645932], [-73.76877878230063, 40.65694201222436], [-73.76807004592854, 40.656555327748734], [-73.76873168585863, 40.6569200645932]], [[-73.76786196731788, 40.65644061370056], [-73.76785454704961, 40.6564365265947], [-73.76807004592854, 40.656555327748734], [-73.76786196731788, 40.65644061370056]], [[-73.74078672686626, 40.663430795914365], [-73.73954958202829, 40.6652560220897], [-73.74121813129464, 40.662670147716156], [-73.74078672686626, 40.663430795914365]], [[-73.74171321913923, 40.66189019992674], [-73.74244279681466, 40.660868528748054], [-73.74354277201893, 40.65970606452753], [-73.7424427968145, 40.660868528748054], [-73.74171321913923, 40.66189019992674]], [[-73.74354277201893, 40.65970606452753], [-73.74495610010571, 40.65816982120883], [-73.74501080169814, 40.65802165402709], [-73.74504899590845, 40.657869658550204], [-73.74507007851845, 40.65771545563652], [-73.74507382719305, 40.657560727964324], [-73.74354277201893, 40.65970606452753]], [[-73.74506037797882, 40.6574071506222], [-73.74487420171579, 40.65614455817023], [-73.74328713961904, 40.65613473208411], [-73.74487420171579, 40.65614455817026], [-73.74506037797882, 40.6574071506222]], [[-73.74328713961904, 40.65613473208411], [-73.74330720793846, 40.65470855938767], [-73.7433254679629, 40.652537805010205], [-73.74328713961904, 40.65613473208411]], [[-73.74655181299295, 40.652140488477066], [-73.7465499711252, 40.652563755434834], [-73.7465499711253, 40.652563755434834], [-73.74655181299295, 40.652140488477066]], [[-73.7464988301149, 40.65173904362782], [-73.74654001561348, 40.651989864613746], [-73.74651918890197, 40.651840470456335], [-73.7464988301149, 40.65173904362782]], [[-73.74642729693362, 40.65147306807245], [-73.74603683424004, 40.65070310304162], [-73.74612672060496, 40.65083683150992], [-73.74620845235039, 40.650973561702386], [-73.74642729693362, 40.65147306807245]], [[-73.74615357839076, 40.65047151294185], [-73.74623916057672, 40.6497929086608], [-73.74624317649595, 40.64929799196311], [-73.74623916057662, 40.6497929086608], [-73.74615357839076, 40.65047151294185]], [[-73.74637156934324, 40.6477555633657], [-73.74624320610096, 40.64929434030667], [-73.74644061774204, 40.648053553357165], [-73.74637156934324, 40.6477555633657]], [[-73.74637156934324, 40.6477555633657], [-73.7462212198707, 40.6467913940938], [-73.74622594664707, 40.64672364104724], [-73.74637156934324, 40.6477555633657]], [[-73.74622594664707, 40.64672364104724], [-73.74619731088346, 40.64612084930582], [-73.74610100548522, 40.64566247557175], [-73.74622594664707, 40.64672364104724]], [[-73.74609960149347, 40.64544857364516], [-73.74612740830294, 40.64525975410566], [-73.74608783181897, 40.64552850184188], [-73.74609960149347, 40.64544857364516]], [[-73.74711666190726, 40.6443718457884], [-73.74614138854139, 40.64500571842678], [-73.74615109392286, 40.64508974930256], [-73.74612078532071, 40.645150782083455], [-73.74612969366444, 40.6451914224188], [-73.74711666190726, 40.6443718457884]], [[-73.74876680676526, 40.68742045760072], [-73.74935259434316, 40.686639419349106], [-73.74864720341583, 40.68758455256117], [-73.74876680676526, 40.68742045760072]], [[-73.74746788784417, 40.689322181235305], [-73.74746788784424, 40.689322181235326], [-73.74797013089797, 40.68857509182885], [-73.74746788784417, 40.689322181235305]], [[-73.73759993991217, 40.68636201219985], [-73.737492053238, 40.68659288121413], [-73.73759993991222, 40.686362012199865], [-73.73759993991217, 40.68636201219985]], [[-73.73397492307936, 40.68560545866724], [-73.7339602527064, 40.68563856252251], [-73.73396025283593, 40.68563856256234], [-73.73397492307936, 40.68560545866724]], [[-73.73452695897953, 40.68577400453848], [-73.73452695897932, 40.685774004538345], [-73.73397492307936, 40.68560545866724], [-73.73452695897953, 40.68577400453848]], [[-73.75001704218833, 40.68589131900592], [-73.74809302569815, 40.68528309259016], [-73.74801584426139, 40.68541877661246], [-73.75001704218833, 40.68589131900592]], [[-73.74683647383603, 40.68506355541472], [-73.7452819563964, 40.68459530257776], [-73.74774316145678, 40.685336645748094], [-73.74683647383603, 40.68506355541472]], [[-73.74095291321794, 40.68329121620821], [-73.7431884973914, 40.68396463665552], [-73.74404045037626, 40.68422129314634], [-73.74318849739146, 40.68396463665552], [-73.74095291321794, 40.68329121620821]], [[-73.74046387943191, 40.68419383871364], [-73.73950237393004, 40.68389668302001], [-73.73950237393002, 40.68389668302004], [-73.74046387943191, 40.68419383871364]], [[-73.73952378655184, 40.68385259738633], [-73.73964722632623, 40.68359845192383], [-73.73958476332729, 40.683580195573036], [-73.73952378655184, 40.68385259738633]], [[-73.73423734775236, 40.68534277988416], [-73.73423734775236, 40.685342779884195], [-73.73428291864472, 40.685259109375295], [-73.73423734775236, 40.68534277988416]], [[-73.75685305531172, 40.72628615667732], [-73.7567155629861, 40.72633197407577], [-73.75678272715538, 40.72630578486276], [-73.75685305531172, 40.72628615667732]], [[-73.7539312059411, 40.72734607870488], [-73.7552163392356, 40.726824682136254], [-73.75454891771649, 40.727076773529795], [-73.7539312059411, 40.72734607870488]], [[-73.75273054455302, 40.727934751966565], [-73.75374796624268, 40.72742596537848], [-73.75301201137647, 40.727776012968825], [-73.75273054455302, 40.727934751966565]], [[-73.75067290041116, 40.729183001336374], [-73.75067290041102, 40.729183001336374], [-73.7506577873381, 40.72919464811015], [-73.75067290041116, 40.729183001336374]], [[-73.75004496962539, 40.72966688070445], [-73.74962106484757, 40.7300053270935], [-73.7506577873381, 40.72919464811015], [-73.75004496962539, 40.72966688070445]], [[-73.74962106484757, 40.7300053270935], [-73.74874937418292, 40.73078636149544], [-73.74812374473736, 40.73133985365315], [-73.74962106484757, 40.7300053270935]], [[-73.74793439253266, 40.731507364095776], [-73.74763653410268, 40.731770864355], [-73.74812374473736, 40.73133985365315], [-73.74793439253266, 40.731507364095776]], [[-73.74698094966644, 40.732358988649665], [-73.74734326884641, 40.73203121498637], [-73.74673750176666, 40.732583220726575], [-73.74698094966644, 40.732358988649665]], [[-73.7465652363091, 40.73154360633957], [-73.74656523630904, 40.73154360633953], [-73.74657654063522, 40.73157102099599], [-73.7465652363091, 40.73154360633957]], [[-73.74633321301341, 40.731223310320054], [-73.74629555656719, 40.73118017796475], [-73.74629555656713, 40.73118017796471], [-73.74633321301341, 40.731223310320054]], [[-73.7441748235501, 40.73032276379395], [-73.74488800537466, 40.73048310661463], [-73.74500208110355, 40.730511401685355], [-73.74488800537472, 40.73048310661463], [-73.7441748235501, 40.73032276379395]], [[-73.73963292722931, 40.729295961838474], [-73.73963292722925, 40.729295961838474], [-73.73965755160494, 40.72930150022327], [-73.73963292722931, 40.729295961838474]], [[-73.73871392658684, 40.72908536777321], [-73.7387139265868, 40.72908536777321], [-73.73880905275146, 40.72910786953454], [-73.73871392658684, 40.72908536777321]], [[-73.73144806275474, 40.72734384994814], [-73.7314480627547, 40.727343849948106], [-73.73145364934348, 40.7273596082443], [-73.73144806275474, 40.72734384994814]], [[-73.7309565318524, 40.72601493998366], [-73.73095653185234, 40.72601493998363], [-73.73100974433972, 40.72615336699986], [-73.7309565318524, 40.72601493998366]], [[-73.73016587124457, 40.723958596902165], [-73.73016587124452, 40.723958596902165], [-73.7302505727512, 40.724177161655874], [-73.73016587124457, 40.723958596902165]], [[-73.72984633181339, 40.723286606723285], [-73.72836434977683, 40.723614308805466], [-73.72990780990699, 40.72327301286181], [-73.72984633181339, 40.723286606723285]], [[-73.78941412058751, 40.71199753200058], [-73.78916019426434, 40.71206006960056], [-73.79021544087378, 40.71171704517676], [-73.78941412058751, 40.71199753200058]], [[-73.78892743211186, 40.712080697441536], [-73.78899227528873, 40.71207900694677], [-73.78882606407024, 40.71207693145982], [-73.78892743211186, 40.712080697441536]], [[-73.78872545574953, 40.712066781133245], [-73.78784678347726, 40.711810833667904], [-73.78742040536443, 40.71184767845746], [-73.78699598642157, 40.71190160924316], [-73.78872545574953, 40.712066781133245]], [[-73.78657528627528, 40.711972493276896], [-73.78616005770834, 40.71206007133991], [-73.78699598642157, 40.71190160924316], [-73.78657528627528, 40.711972493276896]], [[-73.7844614443277, 40.71249390497943], [-73.78492614841329, 40.712384262904756], [-73.78379656755327, 40.71265400593035], [-73.7844614443277, 40.71249390497943]], [[-73.78262547297199, 40.712937548488185], [-73.7823664994278, 40.713002743697935], [-73.78229869213665, 40.71301868324999], [-73.78262547297199, 40.712937548488185]], [[-73.78058892735456, 40.71342817616402], [-73.78102304037657, 40.71332338253998], [-73.7805276229385, 40.713442915979385], [-73.78058892735456, 40.71342817616402]], [[-73.78024319052102, 40.713511303529636], [-73.77972553551382, 40.713635770522814], [-73.77963493329251, 40.71365837261961], [-73.78024319052102, 40.713511303529636]], [[-73.77886957431718, 40.713849298130995], [-73.77908126132385, 40.7137964910716], [-73.77864851486189, 40.713900676244634], [-73.77886957431718, 40.713849298130995]], [[-73.77357135168404, 40.71512009536888], [-73.77310691733057, 40.71527845284317], [-73.7735713516841, 40.71512009536888], [-73.77712346840045, 40.71426199408279], [-73.77755108460752, 40.7141535973571], [-73.77357135168404, 40.71512009536888]], [[-73.77192121940865, 40.715685044954476], [-73.7725140628915, 40.71548127105951], [-73.77161899547777, 40.71579231335084], [-73.77192121940865, 40.715685044954476]], [[-73.77007984747921, 40.71632720242475], [-73.77029927684484, 40.716251762782626], [-73.76983925119822, 40.71641149972769], [-73.77007984747921, 40.71632720242475]], [[-73.76913914032887, 40.71665679858554], [-73.76916787948534, 40.716646728555936], [-73.76911112812567, 40.716666605811206], [-73.76913914032887, 40.71665679858554]], [[-73.7681799053093, 40.716995220336365], [-73.76870175300171, 40.71680689457041], [-73.76733228086881, 40.717289796810775], [-73.7681799053093, 40.716995220336365]], [[-73.76446951657488, 40.718890392877945], [-73.7659696085429, 40.71802976808262], [-73.76306578003765, 40.7195117957374], [-73.76446951657488, 40.718890392877945]], [[-73.76240333697956, 40.71980858140968], [-73.76259712432153, 40.7197178771217], [-73.76204218615858, 40.71997110227076], [-73.76240333697956, 40.71980858140968]], [[-73.75438332386462, 40.71430123071795], [-73.75470078284424, 40.71471005382329], [-73.75832728606665, 40.71958209036796], [-73.75912824147078, 40.720647041028144], [-73.75919500518353, 40.72073580754933], [-73.75944142941006, 40.721063443753245], [-73.75470078284435, 40.71471005382326], [-73.75438332386462, 40.71430123071795]], [[-73.75407540819094, 40.713904695728516], [-73.75370834556638, 40.713324637241065], [-73.75360661767472, 40.713071123161484], [-73.75407540819094, 40.713904695728516]], [[-73.75121246881852, 40.707306580076384], [-73.75230963988163, 40.70995338737659], [-73.75088051275495, 40.70656044066294], [-73.75121246881852, 40.707306580076384]], [[-73.77732562771791, 40.722392701477595], [-73.77732562727651, 40.72239270181176], [-73.77738048864606, 40.72244906356447], [-73.77732562771791, 40.722392701477595]], [[-73.7763660508262, 40.72314200333578], [-73.77706009343429, 40.72259345565974], [-73.77605631004566, 40.72335594008232], [-73.7763660508262, 40.72314200333578]], [[-73.77605631004566, 40.72335594008232], [-73.77548473506467, 40.7237206153734], [-73.77524876476062, 40.72384316223009], [-73.77605631004566, 40.72335594008232]], [[-73.77348555736462, 40.72462495296824], [-73.77286784074273, 40.72486798562724], [-73.77403529691722, 40.724401262118725], [-73.77348555736462, 40.72462495296824]], [[-73.77224702877903, 40.72507707386011], [-73.77200717760482, 40.72515411617706], [-73.77286784074273, 40.72486798562724], [-73.77224702877903, 40.72507707386011]], [[-73.77163268867557, 40.72527440564228], [-73.7716326886754, 40.72527440564228], [-73.7714599002894, 40.725329906359114], [-73.77163268867557, 40.72527440564228]], [[-73.76975275141656, 40.725785231867896], [-73.76975275141652, 40.725785231867896], [-73.76965720328249, 40.7258071536226], [-73.76975275141656, 40.725785231867896]], [[-73.76544843498034, 40.72647468101892], [-73.76544843498029, 40.72647468101892], [-73.7654312235233, 40.726475245385856], [-73.76544843498034, 40.72647468101892]], [[-73.75931696757739, 40.72587970232446], [-73.75931696757728, 40.72587970232446], [-73.75925147730226, 40.72588280671834], [-73.75931696757739, 40.72587970232446]], [[-73.75765465108837, 40.726088804365396], [-73.75765465108826, 40.726088804365396], [-73.75763205211602, 40.726092891186674], [-73.75765465108837, 40.726088804365396]], [[-73.75747898021427, 40.7261309790536], [-73.75747898021417, 40.7261309790536], [-73.75733963634156, 40.726166385071856], [-73.75747898021427, 40.7261309790536]], [[-73.79027839162528, 40.72621870552082], [-73.7894133716235, 40.72650113521375], [-73.78998042227346, 40.72631724580087], [-73.79027839162528, 40.72621870552082]], [[-73.78791174411032, 40.726998226260974], [-73.78738339524186, 40.72717198175231], [-73.78655584623328, 40.727441503897204], [-73.78738339524197, 40.72717198175231], [-73.78791174411032, 40.726998226260974]], [[-73.78205851296191, 40.72891889728125], [-73.78116054967607, 40.729212758599125], [-73.78060885933824, 40.72936208245506], [-73.78116054967619, 40.729212758599125], [-73.78205851296191, 40.72891889728125]], [[-73.77992797942824, 40.72954753123994], [-73.7793652926651, 40.729701868631786], [-73.77848636020259, 40.729943895929026], [-73.77936529266523, 40.729701868631786], [-73.77992797942824, 40.72954753123994]], [[-73.77700327859166, 40.72372000918506], [-73.77700327859172, 40.72372000918506], [-73.77711003171505, 40.72365250803712], [-73.77700327859166, 40.72372000918506]], [[-73.77738999153117, 40.723498367751645], [-73.77738999153121, 40.723498367751645], [-73.77749133243191, 40.72345599892206], [-73.77738999153117, 40.723498367751645]], [[-73.77803765802729, 40.723284268713186], [-73.77781692853469, 40.723339142891966], [-73.7780376580273, 40.72328426871321], [-73.77803765802729, 40.723284268713186]], [[-73.73380185305318, 40.742939959844534], [-73.73380185305312, 40.74293995984453], [-73.73451799841934, 40.74382245775268], [-73.73380185305318, 40.742939959844534]], [[-73.73360798727859, 40.742939953533146], [-73.73366888538675, 40.74290270992197], [-73.73321205999278, 40.74320098738846], [-73.73360798727859, 40.742939953533146]], [[-73.73264006602449, 40.74368394530665], [-73.7327480512814, 40.743579466437055], [-73.73255617680985, 40.743748232698394], [-73.73264006602449, 40.74368394530665]], [[-73.73231147275148, 40.74365672504721], [-73.73241694613502, 40.74369457690745], [-73.73232546685418, 40.74364541260106], [-73.73231147275148, 40.74365672504721]], [[-73.73095767797076, 40.744859004235494], [-73.73135328030854, 40.7445051324667], [-73.73091090276958, 40.744914634886335], [-73.73095767797076, 40.744859004235494]], [[-73.72929530622758, 40.74685336832157], [-73.7290441232796, 40.747232388913346], [-73.7288862157984, 40.747566636703645], [-73.72929530622758, 40.74685336832157]], [[-73.72885931447816, 40.747623578281846], [-73.72864941160132, 40.74806788027154], [-73.72829055896214, 40.74745866499545], [-73.72864941160132, 40.74806788027158], [-73.72885931447816, 40.747623578281846]], [[-73.7279656875994, 40.748896821603914], [-73.72796568759938, 40.748896821603914], [-73.72795924290601, 40.74891775918964], [-73.7279656875994, 40.748896821603914]], [[-73.72776491040379, 40.74945671653496], [-73.72776491040376, 40.74945671653494], [-73.72771710185793, 40.749559884471786], [-73.72776491040379, 40.74945671653496]], [[-73.7276803255188, 40.74963924557689], [-73.72627213222938, 40.74930649076079], [-73.72627213222928, 40.74930649076082], [-73.7276803255188, 40.74963924557689]], [[-73.72603417966491, 40.74939605567222], [-73.72339596217738, 40.75038907592456], [-73.72258571843531, 40.7488504517089], [-73.72339596217732, 40.7503890759246], [-73.72603417966491, 40.74939605567222]], [[-73.7201010143544, 40.74977532930348], [-73.72010101435451, 40.749775329303425], [-73.71988664004725, 40.74936951117564], [-73.7201010143544, 40.74977532930348]], [[-73.71988664004725, 40.74936951117564], [-73.71962078985335, 40.74878400250615], [-73.71952838620312, 40.74856457572518], [-73.71988664004725, 40.74936951117564]], [[-73.71943995985244, 40.7483472923474], [-73.71926570540312, 40.74789500701044], [-73.71910125244325, 40.747423641682865], [-73.71926570540299, 40.747895007010456], [-73.71943995985244, 40.7483472923474]], [[-73.71842542171674, 40.74581253095765], [-73.71896368184152, 40.746994741244265], [-73.71904977180111, 40.74726846991748], [-73.71842542171674, 40.74581253095765]], [[-73.71698681960115, 40.74258019463351], [-73.7176030610082, 40.74397462865521], [-73.71762516275574, 40.74402847915276], [-73.71764302929857, 40.74407041461843], [-73.71782355622958, 40.744476588110416], [-73.71823250133481, 40.74539666302175], [-73.71834717349861, 40.74564385720603], [-73.71740598443705, 40.743510930592315], [-73.71698681960115, 40.74258019463351]], [[-73.71589308311094, 40.74014019835179], [-73.71544946747396, 40.739216804571804], [-73.71633135935208, 40.74112078052863], [-73.71589308311094, 40.74014019835179]], [[-73.71544946747396, 40.739216804571804], [-73.71496199802846, 40.73827641080361], [-73.71494063026331, 40.73823460124047], [-73.71476982624489, 40.73790034823738], [-73.7132866210896, 40.73547312603885], [-73.71278768854353, 40.73467038128438], [-73.71544946747396, 40.739216804571804]], [[-73.71250100929879, 40.734201632974035], [-73.71239370367091, 40.73402717153144], [-73.71278768854353, 40.73467038128438], [-73.71250100929879, 40.734201632974035]], [[-73.71208085917013, 40.73351852632137], [-73.71208085917023, 40.73351852632137], [-73.71188639656239, 40.733197282132046], [-73.71208085917013, 40.73351852632137]], [[-73.71180061483714, 40.7330521721942], [-73.71147804721959, 40.73250140137267], [-73.71089324743122, 40.73097104248372], [-73.71147804721952, 40.73250140137267], [-73.71180061483714, 40.7330521721942]], [[-73.71089324743122, 40.73097104248372], [-73.710662757465, 40.729495710594975], [-73.71065518677528, 40.72938296549934], [-73.71089324743122, 40.73097104248372]], [[-73.71065518677528, 40.72938296549934], [-73.71061871735817, 40.728839873640666], [-73.7105550635256, 40.72802084966599], [-73.71051731428051, 40.727477116336516], [-73.71055506352549, 40.72802084966603], [-73.71061871735807, 40.72883987364073], [-73.7106237456157, 40.728914764709955], [-73.71065518677528, 40.72938296549934]], [[-73.74688802354747, 40.764533965830445], [-73.74940846440919, 40.767551979611774], [-73.74940846440931, 40.7675519796117], [-73.74688802354747, 40.764533965830445]], [[-73.74706196011607, 40.76445970621423], [-73.74706196011617, 40.76445970621423], [-73.74833630036323, 40.764172395171904], [-73.74706196011607, 40.76445970621423]], [[-73.75021253132952, 40.76374938265556], [-73.7502125313296, 40.76374938265555], [-73.74936995528704, 40.76293364385446], [-73.75021253132952, 40.76374938265556]], [[-73.74745973532448, 40.76351374709907], [-73.74656255773172, 40.76378620558173], [-73.74645123735375, 40.76382241008264], [-73.74656255773161, 40.76378620558177], [-73.74745973532448, 40.76351374709907]], [[-73.74597810474897, 40.763976285903595], [-73.74597810474907, 40.76397628590356], [-73.74473826410453, 40.76075997554887], [-73.74597810474897, 40.763976285903595]], [[-73.74122184923893, 40.75633928802137], [-73.7412594544038, 40.75671049768921], [-73.74149915142429, 40.757013183567004], [-73.7416612680388, 40.7573443130492], [-73.74250213836363, 40.758588149545055], [-73.74310625742686, 40.75849426529468], [-73.74250213836363, 40.75858814954502], [-73.74122184923893, 40.75633928802137]], [[-73.74079806947422, 40.75644906536067], [-73.74079806947417, 40.75644906536067], [-73.74058018714875, 40.756578924092345], [-73.74079806947422, 40.75644906536067]], [[-73.73964315657634, 40.75673838284161], [-73.73975856234294, 40.756730938785914], [-73.73964315657636, 40.75673838284157], [-73.73964315657634, 40.75673838284161]], [[-73.73937147710578, 40.756845102536424], [-73.7397056607801, 40.756622935205044], [-73.73970566078019, 40.75662293520489], [-73.73937147710578, 40.756845102536424]], [[-73.73926325481749, 40.756917049369356], [-73.73926325481759, 40.756917049369285], [-73.73919770998141, 40.75676397408317], [-73.73926325481749, 40.756917049369356]], [[-73.73915030159534, 40.75626123140673], [-73.73915030159539, 40.7562612314067], [-73.7391778908948, 40.75612895499079], [-73.73915030159534, 40.75626123140673]], [[-73.73929461373265, 40.75587624853542], [-73.73929461373271, 40.75587624853537], [-73.73932740971459, 40.75583244975149], [-73.73929461373265, 40.75587624853542]], [[-73.73963743455239, 40.75550875160776], [-73.73963743455245, 40.75550875160776], [-73.7398984390403, 40.755339998350586], [-73.73963743455239, 40.75550875160776]], [[-73.74033863155826, 40.75515841515658], [-73.74033863155837, 40.75515841515658], [-73.74049467780853, 40.755094735857824], [-73.74033863155826, 40.75515841515658]], [[-73.74075722100189, 40.754967469170346], [-73.74075722100199, 40.754967469170296], [-73.74094775468099, 40.754849462620314], [-73.74075722100189, 40.754967469170346]], [[-73.74127837716362, 40.75457638642893], [-73.74127837716368, 40.754576386428894], [-73.74163660908908, 40.753796228804575], [-73.74127837716362, 40.75457638642893]], [[-73.74164693813651, 40.75308534043433], [-73.74178079694214, 40.75348221644302], [-73.74145262010427, 40.75273955947621], [-73.74164693813651, 40.75308534043433]], [[-73.73834766163746, 40.74930423194359], [-73.73985375976419, 40.75129852994999], [-73.74036368596377, 40.7516334585385], [-73.74087361640728, 40.75196838552151], [-73.74129306292784, 40.75253926148683], [-73.74087361640728, 40.75196838552147], [-73.7398537597643, 40.75129852994999], [-73.73834766163746, 40.74930423194359]], [[-73.73755692567553, 40.74853508464216], [-73.73830468529074, 40.74924682956983], [-73.73708378273264, 40.74813177452957], [-73.73755692567553, 40.74853508464216]], [[-73.73610146946173, 40.74764502683693], [-73.73629766287223, 40.74773954288426], [-73.73670500855258, 40.747913085623885], [-73.73689967417204, 40.74801670055808], [-73.73670500855263, 40.74791308562386], [-73.73610146946184, 40.74764502683687], [-73.73573991180812, 40.74742200607645], [-73.73610146946173, 40.74764502683693]], [[-73.73531899434239, 40.74696438209858], [-73.73514689908639, 40.746557585555365], [-73.73543000252701, 40.74716066862081], [-73.73531899434239, 40.74696438209858]], [[-73.73514689908639, 40.746557585555365], [-73.73503921554516, 40.746184076099446], [-73.735023030432, 40.74569866297209], [-73.73514689908639, 40.746557585555365]], [[-73.73503820933458, 40.745526215313284], [-73.7350448538357, 40.745376727345196], [-73.73503083249975, 40.74562298035179], [-73.73503820933458, 40.745526215313284]], [[-73.73500383598379, 40.74491604919345], [-73.73493013029994, 40.74462958470341], [-73.73503555136648, 40.74514659875485], [-73.73500383598379, 40.74491604919345]], [[-73.7347749303435, 40.74424079658027], [-73.73477493034362, 40.74424079658027], [-73.73465613584195, 40.74402732690843], [-73.7347749303435, 40.74424079658027]]], [[[-74.16085388585394, 40.64175406602265], [-74.16153403110933, 40.64415628242311], [-74.15755778855826, 40.643239865478535], [-74.15945602437947, 40.64144833231906], [-74.16085388585394, 40.64175406602265]]], [[[-74.01530915985035, 40.69304704289177], [-74.01343563361445, 40.69211544203165], [-74.01175033086638, 40.69231641141246], [-74.01333264083574, 40.692019970102635], [-74.01182575354973, 40.691064816216326], [-74.01316926402744, 40.68815477019823], [-74.01704986609202, 40.68687598691407], [-74.01514391088013, 40.68643703404314], [-74.01667351529993, 40.68630516855373], [-74.01712099101067, 40.68684333763678], [-74.02054367293066, 40.685272067423575], [-74.01939842391928, 40.685087404047415], [-74.02095255010306, 40.68438443214996], [-74.02027819846477, 40.684809134672086], [-74.02061267235811, 40.68524039019826], [-74.02259359581053, 40.684359696452695], [-74.02213250186844, 40.68376767138025], [-74.02305574749595, 40.68291694544531], [-74.02236823557682, 40.683779917296775], [-74.0227589902996, 40.68428444833244], [-74.02464809241233, 40.68397856661326], [-74.02633404242411, 40.684801697724396], [-74.02642577243199, 40.68617533982982], [-74.02020527434277, 40.69203392385446], [-74.01973308200053, 40.69311410708301], [-74.01530915985035, 40.69304704289177]]], [[[-74.04270428360734, 40.69015520464474], [-74.0443852164526, 40.688516178906], [-74.04772962631084, 40.68991531947191], [-74.04689205434565, 40.69005909832307], [-74.04717029423433, 40.69099132974814], [-74.04600843028886, 40.691107915403755], [-74.04350596012536, 40.689687359636544], [-74.04270428360734, 40.69015520464474]]], [[[-74.0053420962491, 40.69109160297808], [-74.0029756532651, 40.690426575920945], [-74.00340921492469, 40.689613261160325], [-74.0057590067034, 40.690236399513836], [-74.0053420962491, 40.69109160297808]]], [[[-74.00206329791222, 40.69244400083749], [-74.00200882715211, 40.692297708998076], [-74.00216095439973, 40.692238141370154], [-74.00206329791222, 40.69244400083749]]], [[[-73.99887117053628, 40.69715757704475], [-74.00104903057519, 40.69790823569245], [-74.00048768562517, 40.6987577781373], [-73.99837760531686, 40.698063296146245], [-73.99887117053628, 40.69715757704475]]], [[[-74.0393403760411, 40.69811551483639], [-74.0412426176618, 40.69953674143529], [-74.0417476880198, 40.69914786356712], [-74.03991248806584, 40.6977020403988], [-74.04166051826829, 40.69645297214284], [-74.04367371164739, 40.698020404330556], [-74.03995040722508, 40.70089063114571], [-74.03771124708588, 40.699344040348215], [-74.03822954379386, 40.69836859220072], [-74.0393403760411, 40.69811551483639]]], [[[-74.01422063195479, 40.700111490863314], [-74.01464323234912, 40.700817304325284], [-74.01506818269299, 40.70031825755512], [-74.01509832270138, 40.700334266026196], [-74.01467365628477, 40.70083460852601], [-74.01787839274608, 40.70353850854006], [-74.01757035573978, 40.70418388098684], [-74.01844704604943, 40.704162354962186], [-74.01748090483295, 40.70466726085802], [-74.01888747947991, 40.704729142804425], [-74.01934254624453, 40.70609367202473], [-74.01819029259627, 40.70782162560752], [-74.01885500911968, 40.708047534447644], [-74.01777014254499, 40.71283457478935], [-74.01780037888389, 40.71234512415872], [-74.01662424425272, 40.71215731849296], [-74.01632006627594, 40.71340798298106], [-74.01757952508993, 40.71359549038384], [-74.01772496219296, 40.71307018162294], [-74.01671018605823, 40.718624176058164], [-74.01321322719193, 40.718315719895976], [-74.01306805492312, 40.71892219382571], [-74.0134137651288, 40.72001948251695], [-74.01637848291469, 40.72037660832847], [-74.01299980679079, 40.720333090750216], [-74.01289730270861, 40.72086804547342], [-74.01562245781948, 40.7215434536739], [-74.01253875807262, 40.72150317657655], [-74.01165326569942, 40.725871761851536], [-74.01520426531143, 40.726361949379765], [-74.01512356549462, 40.726793942564726], [-74.01154201897604, 40.72644734692726], [-74.01138323516679, 40.728229272870024], [-74.01439069866335, 40.72846304802296], [-74.01403796924798, 40.73069421884407], [-74.01116195696476, 40.730450676349214], [-74.0109411822674, 40.733007762766924], [-74.01399957240966, 40.73333227751791], [-74.01073424409643, 40.73344258788703], [-74.01083284563205, 40.73400709350859], [-74.01201791944403, 40.73406374445656], [-74.01081359479102, 40.73428344314517], [-74.0104765981442, 40.73806394059523], [-74.0111391560257, 40.73838986331581], [-74.01045432864593, 40.73836450522317], [-74.0103930306848, 40.73917429605941], [-74.01158045436232, 40.73926453560968], [-74.01146073955348, 40.74058421525526], [-74.01215741913097, 40.740605998634024], [-74.0126592820849, 40.7407476384976], [-74.00949154621281, 40.74074270943997], [-74.0096192344045, 40.74136361101753], [-74.01139609242074, 40.741822813235274], [-74.01083987411933, 40.742596734022634], [-74.01029100591911, 40.74235852514237], [-74.01012563710833, 40.742575831777195], [-74.00919185316725, 40.742292631516925], [-74.00909156846187, 40.74288614856998], [-74.01214813183593, 40.74355930154771], [-74.00890032962842, 40.7439179270962], [-74.00872986359421, 40.74488153782985], [-74.01173958552825, 40.74551991869295], [-74.01183642872417, 40.74512596367891], [-74.0117827582809, 40.74560157225559], [-74.00946389855972, 40.74575014365962], [-74.00936362734237, 40.74633560247998], [-74.01159123434022, 40.74660150547614], [-74.00924314658668, 40.746762790251324], [-74.00913736259926, 40.74735976280317], [-74.0114067393551, 40.74763054956565], [-74.00905847901343, 40.74778564533301], [-74.00894606502322, 40.74841189316889], [-74.01121561813423, 40.7486779927463], [-74.00994817938037, 40.748931988508446], [-74.00910453215725, 40.750371069730505], [-74.01056463476449, 40.751321462604054], [-74.00900098259461, 40.750648184285346], [-74.00853256925016, 40.75188360880192], [-74.00934089245285, 40.752355610048305], [-74.00842636447226, 40.75215785023945], [-74.0099905581975, 40.75281618714928], [-74.00997058797022, 40.75293356415334], [-74.0083535283885, 40.75235073984506], [-74.0077440483022, 40.75433680243448], [-74.00480392560185, 40.75780984316488], [-74.0070035890402, 40.759231870843806], [-74.00650687640183, 40.75989203231737], [-74.00450483093915, 40.75908499705544], [-74.00380657835007, 40.759510731466186], [-74.00431889425079, 40.75991068626618], [-74.00366891387445, 40.75970596957677], [-74.0023352806396, 40.761543727001815], [-74.00455641560926, 40.762524265527816], [-74.00220082073271, 40.76172843272924], [-74.00178824022314, 40.76229452014182], [-74.00153309066982, 40.7626445986304], [-74.00361214794175, 40.7637770439099], [-74.00138603698596, 40.762850095002065], [-74.0009730802201, 40.763420271725884], [-74.0031465291583, 40.764736281428384], [-73.99962263458175, 40.76355908121067], [-73.99915098087908, 40.76420525958292], [-74.0022880237148, 40.76556154329282], [-73.99888473174973, 40.76456937755128], [-73.99827090308345, 40.765552233413466], [-74.0015618057548, 40.76699649936847], [-73.99806675905349, 40.765871881638446], [-73.99737808447956, 40.76682338537458], [-74.00064950530414, 40.76824523610579], [-73.99715588949206, 40.76712869617297], [-73.9964571540504, 40.76809881579582], [-73.99973590247859, 40.76950617783428], [-73.99707176039315, 40.76873264357708], [-73.9965712643956, 40.769424568274005], [-73.99902682832892, 40.770463272982276], [-73.99876206848202, 40.77082505670939], [-73.99631327022085, 40.769798836336626], [-73.99542474436292, 40.771031615168134], [-73.99589990100934, 40.77145029908485], [-73.99493501659003, 40.77146814557301], [-73.99707328103203, 40.772542868399555], [-73.99477407930827, 40.77192954753038], [-73.99444501293378, 40.77237712658852], [-73.99612087994674, 40.773275391093215], [-73.99416328456314, 40.772487190518916], [-73.99383108136979, 40.77293178835342], [-73.99617945931261, 40.77398695485428], [-73.993936941822, 40.773179510967104], [-73.99226708903534, 40.77511603385877], [-73.98886861739992, 40.77969292291159], [-73.99155105922753, 40.77957482043242], [-73.98888614411685, 40.77987889853295], [-73.98546581197026, 40.78536070057562], [-73.98617270496534, 40.78606845276145], [-73.98711901394275, 40.78521031799912], [-73.98612842248589, 40.78623900133132], [-73.98542932126942, 40.78541394218482], [-73.98508113773205, 40.78592193511063], [-73.98576566029752, 40.78619627485881], [-73.98465507883012, 40.78653474231073], [-73.9859495615568, 40.78648711296155], [-73.98461942858398, 40.786586016852596], [-73.9763995193054, 40.79827321119528], [-73.97635598023365, 40.79825402100787], [-73.97584048765881, 40.79802885849456], [-73.97507069937068, 40.797713350063184], [-73.97639951930529, 40.79827321119533], [-73.97576219486481, 40.79926017354952], [-73.96414082888293, 40.81577165745409], [-73.95881892233997, 40.82151852484693], [-73.95900018289892, 40.822409728374524], [-73.95990999378239, 40.82257111982193], [-73.95892614718271, 40.82271175594409], [-73.95852731524258, 40.82184375665232], [-73.95820019354012, 40.82228313691829], [-73.95814312769234, 40.823020721769026], [-73.95955575493863, 40.823693797768954], [-73.95725896977147, 40.82711730987327], [-73.9563178451031, 40.827944215388754], [-73.95503912978361, 40.82741343241461], [-73.95028481740808, 40.834257285082664], [-73.94954451999456, 40.83405693888073], [-73.95021218560021, 40.83430311995857], [-73.94954210438263, 40.83687963242816], [-73.94609745833881, 40.84405505204745], [-73.94696441693404, 40.850465525818066], [-73.94347978545711, 40.85228188194213], [-73.94186996360527, 40.853867738940075], [-73.9325188840444, 40.86741050336603], [-73.93235370807277, 40.86975525529677], [-73.93156536939784, 40.86958215843725], [-73.93150384484605, 40.8690352215693], [-73.93141437292331, 40.868961929073514], [-73.93156536939784, 40.86958215843729], [-73.9321985504886, 40.869844871413356], [-73.93191377136752, 40.87112949422548], [-73.92917968255965, 40.875555548966595], [-73.92648185718377, 40.877618203520676], [-73.92619292238606, 40.877064419685034], [-73.92354823367552, 40.87730137973722], [-73.92237669315773, 40.87675893447934], [-73.9225763680598, 40.87429518262895], [-73.92111741577914, 40.87303345568901], [-73.91979301672416, 40.873606512158005], [-73.92080255630286, 40.87419405936946], [-73.92080609643993, 40.875477492972905], [-73.91887525897296, 40.87467899589022], [-73.91927438317983, 40.87365188090477], [-73.91849995662193, 40.87319171560401], [-73.9175772988473, 40.874548678547384], [-73.91787144917501, 40.87390499528883], [-73.91522402079842, 40.874486621867824], [-73.91151516034965, 40.87323663012734], [-73.91043363570444, 40.87138081638449], [-73.91254775064014, 40.866514943506566], [-73.9139186313323, 40.86474558440381], [-73.91492387927858, 40.864580378919314], [-73.91441113392746, 40.86417362637064], [-73.91589911645785, 40.864308038085234], [-73.91519574800094, 40.86394522473609], [-73.91538673051069, 40.863084384703484], [-73.91729467741739, 40.861679417728254], [-73.91950213660932, 40.85879113379065], [-73.92159014848224, 40.860072800027055], [-73.9218663378377, 40.85918133914485], [-73.92091459857778, 40.85821896663791], [-73.92237695742358, 40.856583569625016], [-73.92234459241664, 40.85568233648424], [-73.92169841904696, 40.85667230185513], [-73.92151894059094, 40.85660117062342], [-73.92971850477636, 40.84523177725878], [-73.9349153357865, 40.83523082193901], [-73.93515659173437, 40.8326824057349], [-73.9338300916373, 40.81971974292724], [-73.9343386458468, 40.80956221433414], [-73.92903490240303, 40.801080903852046], [-73.92927936741167, 40.79585313952083], [-73.93019664392948, 40.79459322384986], [-73.93583106788897, 40.79109470487044], [-73.93708104382291, 40.78936639571018], [-73.93612689213508, 40.78892686848783], [-73.93714965461052, 40.78916844956227], [-73.93982619696507, 40.78525655191311], [-73.94323985739699, 40.78332785219709], [-73.94388068102498, 40.781532042862004], [-73.94360047475412, 40.78015909946638], [-73.94211235826057, 40.77944698972593], [-73.94300246547277, 40.77885287951766], [-73.94200266722274, 40.7761853173829], [-73.94293043715292, 40.7746762680357], [-73.954418260786, 40.762184104951274], [-73.95871908094715, 40.758640233115855], [-73.97135752941857, 40.74383845535967], [-73.97265743803044, 40.73922275427715], [-73.97248994174741, 40.735803280107795], [-73.97441385816532, 40.736414393859185], [-73.97402692104305, 40.73612576724569], [-73.97451459772584, 40.735894598913994], [-73.97276308380349, 40.73550508747374], [-73.97354472795836, 40.73494432660406], [-73.97444064950444, 40.73531677190043], [-73.97341321730873, 40.73128241592624], [-73.97147994841174, 40.729249576693256], [-73.97149039092838, 40.72735009811009], [-73.97357185653394, 40.71859722992405], [-73.97642872514517, 40.71190903250389], [-73.97789949619433, 40.71059986620255], [-73.98124579569932, 40.709826215104044], [-73.98839064023267, 40.70912694916282], [-73.98879717785803, 40.70996660747239], [-73.99808351186998, 40.708509615869886], [-74.0011868526283, 40.70685982526937], [-74.00140666691954, 40.70617938802082], [-74.0005924020935, 40.70541007840852], [-74.0014543741884, 40.70487330292971], [-74.00256965059467, 40.70552357952368], [-74.00197070397945, 40.70473786748226], [-74.00243071075859, 40.70467785800456], [-74.00332307270787, 40.70562859522028], [-74.00383327532255, 40.70530324352915], [-74.00286689781494, 40.7040752255118], [-74.0040566643926, 40.70514736343912], [-74.00659591913875, 40.70368590245202], [-74.00530412596079, 40.70255986563326], [-74.00549427805096, 40.70243138095063], [-74.00678502191037, 40.70356812690033], [-74.00929072600606, 40.701930071822154], [-74.00869964313567, 40.701139867542445], [-74.00775549084597, 40.701548001672066], [-74.00834927559107, 40.70066934889101], [-74.00958483017598, 40.70183738506087], [-74.0111808830355, 40.701451392756496], [-74.01081530667376, 40.70020044460397], [-74.01115033556847, 40.7008984006037], [-74.01208668148655, 40.700681308739476], [-74.01196196116912, 40.700037545595684], [-74.01310747847366, 40.70050745218087], [-74.0131130382629, 40.69977416488031], [-74.01395152602434, 40.70099098296295], [-74.01422063195479, 40.700111490863314]], [[-74.00178824022314, 40.76229452014182], [-74.00103587393085, 40.76196835225947], [-73.9983121118473, 40.76082206902151], [-74.00178824022314, 40.76229452014182]], [[-73.99648642702537, 40.76005310107564], [-73.99563391306735, 40.75969400546374], [-73.9983121118473, 40.76082206902151], [-73.99648642702537, 40.76005310107564]], [[-73.97507069937068, 40.797713350063184], [-73.97365145266349, 40.797148318619264], [-73.97093073123413, 40.79600104819112], [-73.97082734180017, 40.79595859955887], [-73.97365145266343, 40.797148318619264], [-73.97413148043786, 40.797343788876745], [-73.97507069937068, 40.797713350063184]], [[-73.97073269548645, 40.79591917001082], [-73.96941543722124, 40.79536077907437], [-73.96987063171011, 40.79473520505714], [-73.96941543722113, 40.79536077907441], [-73.97073269548645, 40.79591917001082]], [[-73.96987063171011, 40.79473520505714], [-73.96701559079894, 40.793556967201745], [-73.96543410377306, 40.79287668686671], [-73.96987063171011, 40.79473520505714]], [[-73.93127671427399, 40.868843595243376], [-73.93117877468013, 40.86876886854805], [-73.93141437292331, 40.868961929073514], [-73.93127671427399, 40.868843595243376]], [[-73.93117877468013, 40.86876886854805], [-73.92998961730244, 40.867792410870784], [-73.92934104036875, 40.867257241141274], [-73.92872643114075, 40.86674142822069], [-73.92805770263142, 40.86619936424067], [-73.9272691502576, 40.86553455981874], [-73.92661948823125, 40.86452429402258], [-73.92601092769263, 40.86357366450477], [-73.92561197133662, 40.86295256597208], [-73.9266194882311, 40.864524294022615], [-73.92726915025756, 40.86553455981874], [-73.92805770263136, 40.866199364240714], [-73.93091942301153, 40.8685710014899], [-73.93117877468013, 40.86876886854805]], [[-73.99609080237103, 40.75877735527866], [-73.99677503952219, 40.7578240973079], [-73.99663529111784, 40.75801292185985], [-73.99609080237103, 40.75877735527866]], [[-73.99577488030937, 40.75645451522952], [-73.99544387189701, 40.7563151448379], [-73.99729876461934, 40.75710704073607], [-73.99577488030937, 40.75645451522952]], [[-73.99500601536029, 40.75613671437038], [-73.99500601536023, 40.75613671437038], [-73.99505943942246, 40.75615624440833], [-73.99500601536029, 40.75613671437038]], [[-73.99163271156426, 40.754706805009675], [-73.9929269650795, 40.75525547277821], [-73.99163271156428, 40.75470680500966], [-73.99163271156426, 40.754706805009675]], [[-73.98134068661598, 40.747078663682586], [-73.98272686388887, 40.74518041538567], [-73.98289881547316, 40.744942009879736], [-73.98134068661598, 40.747078663682586]], [[-73.98407485194073, 40.743324718416666], [-73.98085965324304, 40.74196976808196], [-73.9811040724334, 40.741635239034544], [-73.98085965324293, 40.74196976808199], [-73.98407485194069, 40.7433247184167], [-73.98342079250547, 40.74422279615737], [-73.98407485194073, 40.743324718416666]], [[-73.9826675979102, 40.739498439778224], [-73.98219046759937, 40.73929736935941], [-73.98266759791014, 40.739498439778224], [-73.98221134367073, 40.74011453513657], [-73.98182519473666, 40.74064553419555], [-73.9826675979102, 40.739498439778224]], [[-73.98219046759937, 40.73929736935941], [-73.98066600341524, 40.73865462706092], [-73.97805226409517, 40.7375539536562], [-73.978540944937, 40.736887659360356], [-73.97857091238379, 40.736699757491664], [-73.97805226409511, 40.73755395365624], [-73.98219046759937, 40.73929736935941]], [[-73.98987421212176, 40.73428455726343], [-73.98987421212178, 40.73428455726339], [-73.98986305693234, 40.73419848375153], [-73.98987421212176, 40.73428455726343]], [[-73.9898442599189, 40.73398186273539], [-73.98984425991894, 40.73398186273539], [-73.98984339951413, 40.73386735741025], [-73.9898442599189, 40.73398186273539]], [[-73.98984630512882, 40.733770331065855], [-73.99011350142582, 40.73240050534898], [-73.99021190884345, 40.73199633490752], [-73.99039009870532, 40.73128852433012], [-73.99049767811889, 40.73061449447873], [-73.9903900987052, 40.731288524330154], [-73.99021190884338, 40.73199633490752], [-73.99010225655745, 40.73244537234051], [-73.99003455647762, 40.7327541513741], [-73.9898685205146, 40.733527114554995], [-73.9898512118395, 40.733678358387486], [-73.98984630512882, 40.733770331065855]], [[-73.99097394420761, 40.729195707209264], [-73.99119799666005, 40.72826046131302], [-73.99053590370698, 40.73047025831791], [-73.99097394420761, 40.729195707209264]], [[-73.99123439470965, 40.72772680526249], [-73.99125713271572, 40.72794423793828], [-73.99129790628717, 40.72775524906495], [-73.99123439470965, 40.72772680526249]], [[-73.99135288829754, 40.72755739856281], [-73.99135288829764, 40.72755739856281], [-73.99138898249227, 40.72749770114226], [-73.99135288829754, 40.72755739856281]], [[-73.99155207512996, 40.72709433722655], [-73.99163183219758, 40.72685228959267], [-73.99138898249227, 40.72749770114226], [-73.99155207512996, 40.72709433722655]], [[-73.99221516524891, 40.72523259566825], [-73.99263254954289, 40.724056865655164], [-73.99260322198428, 40.72413644968361], [-73.99257987308604, 40.724201554923404], [-73.9923276787069, 40.72490609839734], [-73.99221516524881, 40.72523259566829], [-73.99206108411386, 40.725644614334406], [-73.99179396131375, 40.72639179586429], [-73.99221516524891, 40.72523259566825]], [[-73.9932601606281, 40.72235442627806], [-73.99326016062814, 40.72235442627806], [-73.99333917242919, 40.72214114067458], [-73.9932601606281, 40.72235442627806]], [[-73.9935273123567, 40.721633262371185], [-73.99352731235682, 40.721633262371185], [-73.99370639599269, 40.721169446102685], [-73.9935273123567, 40.721633262371185]], [[-73.99407263067107, 40.72024349190821], [-73.99383792118104, 40.72083214912449], [-73.99381992830803, 40.720877315771894], [-73.99407263067107, 40.72024349190821]], [[-73.99412183539475, 40.718238362342674], [-73.99480778889186, 40.71845742685302], [-73.9941779542029, 40.719988042603006], [-73.99480778889196, 40.71845742685302], [-73.99412183539475, 40.718238362342674]], [[-74.00141934562183, 40.70981479577213], [-74.00141934562183, 40.709814795772125], [-74.00128258532506, 40.70999405347307], [-74.00141934562183, 40.70981479577213]], [[-74.01301181315714, 40.71600872106897], [-74.0131023668765, 40.715619146665695], [-74.01321811586261, 40.71520821640237], [-74.01301181315714, 40.71600872106897]], [[-74.00814737027844, 40.711477168977794], [-74.00796787713409, 40.71144733312347], [-74.00820388204622, 40.71149548055672], [-74.00814737027844, 40.711477168977794]], [[-74.00820388204622, 40.71149548055672], [-74.00822233056839, 40.71157814564461], [-74.00820787350843, 40.71162370382992], [-74.00820388204622, 40.71149548055672]], [[-74.00816256381057, 40.71167925540824], [-74.0081722092799, 40.71167010318843], [-74.00815239483147, 40.71168612525751], [-74.00816256381057, 40.71167925540824]], [[-74.00774137329154, 40.711690075346745], [-74.00775365468853, 40.71169440876401], [-74.00770527909633, 40.711681351201086], [-74.00774137329154, 40.711690075346745]], [[-74.00750661107321, 40.71166896363562], [-74.00752140624449, 40.711668148275656], [-74.00701799899997, 40.711783953321195], [-74.00750661107321, 40.71166896363562]], [[-74.00548430673251, 40.712192296132756], [-74.00527561892594, 40.71224944049555], [-74.00522515385643, 40.712268924960654], [-74.00548430673251, 40.712192296132756]], [[-74.00498716590474, 40.712374857176975], [-74.00504983169263, 40.71234437323556], [-74.00486186689443, 40.71245002935219], [-74.00498716590474, 40.712374857176975]], [[-74.00485768021677, 40.71245254111717], [-74.00482408165384, 40.71247954180748], [-74.00485768021683, 40.712452541117145], [-74.00485768021677, 40.71245254111717]], [[-74.00429113759462, 40.712907825696036], [-74.00429113759458, 40.71290782569612], [-74.00452479755438, 40.7127200526454], [-74.00429113759462, 40.712907825696036]], [[-74.00934576009128, 40.74151041070398], [-74.00923779939568, 40.74207162766066], [-74.0100880336451, 40.74248815567386], [-74.01016559689424, 40.7416723485763], [-74.00934576009128, 40.74151041070398]], [[-73.98915463750744, 40.716708646771785], [-73.98975418109097, 40.71555234834068], [-73.99020235909222, 40.714664430893045], [-73.99022155496816, 40.71457875640877], [-73.99022750964427, 40.714491670052816], [-73.99022012603876, 40.71440493989813], [-73.98933656444504, 40.71413337601421], [-73.98870191200442, 40.71418554116259], [-73.98840468949098, 40.71421005195973], [-73.99022012603865, 40.71440493989818], [-73.9891546375074, 40.71670864677182], [-73.98995019068624, 40.71697197555474], [-73.99070289946371, 40.71720060592557], [-73.99351348349506, 40.71804933541717], [-73.98915463750744, 40.716708646771785]], [[-73.98567127733983, 40.714435298266295], [-73.98567127734, 40.71443529826626], [-73.98560887936041, 40.714440441299], [-73.98567127733983, 40.714435298266295]], [[-73.9853440435134, 40.714461578232864], [-73.98534404351345, 40.714461578232836], [-73.98522844623366, 40.71379292643618], [-73.9853440435134, 40.714461578232864]], [[-73.98495041919527, 40.712355530060826], [-73.98506509275857, 40.71380691898869], [-73.98486952746785, 40.71181074558709], [-73.98495041919527, 40.712355530060826]], [[-73.98465524451048, 40.71046476215556], [-73.98470278689686, 40.71070201588442], [-73.9845758573088, 40.70998721329883], [-73.98465524451048, 40.71046476215556]], [[-73.98238628685746, 40.73141124480838], [-73.98238628685739, 40.73141124480838], [-73.98232282456816, 40.73149789086889], [-73.98238628685746, 40.73141124480838]], [[-73.9814991024761, 40.73261859738722], [-73.98180339169024, 40.73220479890743], [-73.981499102476, 40.73261859738729], [-73.98126771170408, 40.73292473076554], [-73.98112821739302, 40.7331158533463], [-73.9814991024761, 40.73261859738722]], [[-73.97877009318891, 40.736377375783036], [-73.97946317254231, 40.7353919271735], [-73.9797890390151, 40.734961818259166], [-73.98029729143737, 40.73425836969219], [-73.97877009318891, 40.736377375783036]], [[-73.96157543968937, 40.81790997171814], [-73.96161012255622, 40.81792704634197], [-73.96154001413444, 40.817892533035064], [-73.96157543968937, 40.81790997171814]], [[-73.95949328737717, 40.81700747377884], [-73.9591712496331, 40.81665251887451], [-73.95949328737711, 40.817007473778816], [-73.95949328737717, 40.81700747377884]], [[-73.95593515099738, 40.81383196349785], [-73.9557068999112, 40.81414396054253], [-73.95570689991122, 40.814143960542545], [-73.95593515099738, 40.81383196349785]], [[-73.95210125149217, 40.811442853501475], [-73.9521012514922, 40.811442853501426], [-73.95108276514812, 40.811013039585795], [-73.95210125149217, 40.811442853501475]], [[-73.95357577722132, 40.80947669816212], [-73.95496657106287, 40.81006455520624], [-73.95357577722136, 40.809476698162065], [-73.95357577722132, 40.80947669816212]], [[-73.95726581466329, 40.80691617138686], [-73.95700274234795, 40.80727590761279], [-73.95727367072362, 40.80690539974153], [-73.95726581466329, 40.80691617138686]], [[-73.95828878449723, 40.80531242541461], [-73.95828696712003, 40.80532421771071], [-73.95828931668932, 40.80529815046673], [-73.95828878449723, 40.80531242541461]], [[-73.95825482513996, 40.8047138784414], [-73.95828559167313, 40.80515894346914], [-73.95824272320102, 40.80452248107084], [-73.95825482513996, 40.8047138784414]], [[-73.95823477383303, 40.80439673194501], [-73.95822440349689, 40.80423270190914], [-73.95824272320102, 40.80452248107084], [-73.95823477383303, 40.80439673194501]], [[-73.9497477293007, 40.79709700227081], [-73.9492332701637, 40.796871999905306], [-73.9492332701637, 40.79687199990531], [-73.9497477293007, 40.79709700227081]], [[-73.94918291986886, 40.796940442985395], [-73.94826326688798, 40.79819496089408], [-73.94878702678898, 40.79748283900472], [-73.94918291986886, 40.796940442985395]], [[-73.94936861993608, 40.79668239257453], [-73.95160265364838, 40.79360780661914], [-73.94968682842153, 40.796216985882914], [-73.94936861993608, 40.79668239257453]], [[-73.95160265364838, 40.79360780661914], [-73.95252222638707, 40.7923476228955], [-73.95297740553535, 40.791719693670835], [-73.95307720108323, 40.79158185994733], [-73.95160265364838, 40.79360780661914]], [[-73.95343683772947, 40.79108514204173], [-73.95472708264694, 40.78932770439577], [-73.95310911559864, 40.791537780843896], [-73.95343683772947, 40.79108514204173]], [[-73.9551041694836, 40.78882207242312], [-73.95510416948366, 40.788822072423095], [-73.95519795951668, 40.78869698532829], [-73.9551041694836, 40.78882207242312]], [[-73.95577735758036, 40.78791392447064], [-73.95266136573831, 40.7865950206291], [-73.95246430034462, 40.786510431923055], [-73.95222947470897, 40.78641155023147], [-73.95092812655976, 40.78586538067487], [-73.95577735758026, 40.78791392447064], [-73.95540131292866, 40.788423293494624], [-73.95577735758036, 40.78791392447064]], [[-73.95033803998145, 40.78561715001276], [-73.94959871934977, 40.78530563398257], [-73.95092812655976, 40.78586538067487], [-73.95033803998145, 40.78561715001276]], [[-73.95165920682966, 40.78200767416527], [-73.95119927206781, 40.78263339296084], [-73.95073913675586, 40.78326171127909], [-73.95018441757803, 40.78402421560458], [-73.95165920682966, 40.78200767416527]], [[-73.95212203183532, 40.78138671022063], [-73.95375828607416, 40.77913141368214], [-73.95389592841586, 40.77894254766954], [-73.95212203183532, 40.78138671022063]], [[-73.95466030098827, 40.77789454296268], [-73.95494519919835, 40.77750394766896], [-73.95519467925443, 40.77716086813079], [-73.95494519919824, 40.77750394766896], [-73.95466030098827, 40.77789454296268]], [[-73.95679748994272, 40.77496631066803], [-73.95633492193258, 40.77560078338025], [-73.95608634451587, 40.77594004760565], [-73.95679748994272, 40.77496631066803]], [[-73.95729409955632, 40.77428355557773], [-73.95779380404115, 40.77359989745671], [-73.95679748994272, 40.77496631066803], [-73.95729409955632, 40.77428355557773]], [[-73.98654378885695, 40.78065798079119], [-73.986488532618, 40.780635905541935], [-73.98677827114054, 40.78076838159401], [-73.98654378885695, 40.78065798079119]], [[-73.98560722618338, 40.78049090888418], [-73.98536952545112, 40.781078373367755], [-73.98507184256847, 40.78177968147185], [-73.98536952545118, 40.781078373367755], [-73.98560722618338, 40.78049090888418]], [[-73.96097971719728, 40.79673864454776], [-73.96081083924534, 40.796969769303175], [-73.96144060567532, 40.79611082768643], [-73.96097971719728, 40.79673864454776]], [[-73.98026413439825, 40.74855967947487], [-73.9799553144933, 40.74898589996829], [-73.97950369288853, 40.74960334490443], [-73.97923808586546, 40.74996758243283], [-73.98026413439825, 40.74855967947487]], [[-73.97767660455384, 40.752118937380985], [-73.9781531697365, 40.75145174780754], [-73.97855531662948, 40.75091396598882], [-73.97860724068066, 40.75084248539406], [-73.97873177321222, 40.75066898390877], [-73.97815316973644, 40.75145174780754], [-73.97767660455384, 40.752118937380985]], [[-73.9590368100845, 40.75838378260468], [-73.95972180286464, 40.75866306368132], [-73.96196573611596, 40.75961946128823], [-73.96658338334092, 40.7615509360791], [-73.9661274722962, 40.76217929969564], [-73.96566959817785, 40.76280455661427], [-73.96531799462146, 40.763287521744864], [-73.96612747229631, 40.76217929969561], [-73.96658338334103, 40.76155093607907], [-73.95972180286459, 40.75866306368127], [-73.9590368100845, 40.75838378260468]], [[-73.97444451493517, 40.75076469299493], [-73.97350255728963, 40.752064932657724], [-73.9739591466112, 40.75144102178004], [-73.97444451493517, 40.75076469299493]], [[-73.9698997547492, 40.748826908159145], [-73.96995423310008, 40.74885303687355], [-73.9698556974801, 40.74880577745464], [-73.9698997547492, 40.748826908159145]], [[-73.98184684560677, 40.767707097107696], [-73.98206018025483, 40.76772783759097], [-73.9821106140089, 40.7677444765463], [-73.98184684560677, 40.767707097107696]], [[-73.98178946751976, 40.767713863521045], [-73.98182904097433, 40.76770900930104], [-73.98177002593222, 40.76771885507844], [-73.98178946751976, 40.767713863521045]], [[-73.9816726976898, 40.76775011653026], [-73.98169461911824, 40.76774207180961], [-73.98163926929341, 40.76776654087471], [-73.9816726976898, 40.76775011653026]], [[-73.98157120873722, 40.76780705709449], [-73.98159057652325, 40.76779471070256], [-73.98156164758093, 40.7678148755398], [-73.98157120873722, 40.76780705709449]], [[-73.99072636251596, 40.75595040556492], [-73.9907263625159, 40.75595040556492], [-73.9905012876599, 40.75625898555858], [-73.99072636251596, 40.75595040556492]], [[-73.98979085269418, 40.75723313191893], [-73.98929727411686, 40.7579066381523], [-73.98922746580257, 40.758002870096604], [-73.98929727411686, 40.75790663815233], [-73.98979085269418, 40.75723313191893]], [[-73.98839044509052, 40.75916418668047], [-73.98839044509052, 40.759164186680415], [-73.98829193028982, 40.75929710474354], [-73.98839044509052, 40.75916418668047]], [[-73.985646776585, 40.76291487498558], [-73.98555324429377, 40.7630440619003], [-73.985646776585, 40.76291487498562], [-73.9861040601886, 40.76228995260434], [-73.9862463743743, 40.7620939564914], [-73.985646776585, 40.76291487498558]], [[-73.98382185637274, 40.76541847469755], [-73.98361524776314, 40.76570290595966], [-73.9838218563728, 40.76541847469758], [-73.98428230014541, 40.764791815101816], [-73.98444608031656, 40.76456599704768], [-73.98382185637274, 40.76541847469755]], [[-73.96504063532015, 40.76366730936263], [-73.96429790304761, 40.76468198812304], [-73.9640319137448, 40.76504894111103], [-73.96504063532015, 40.76366730936263]], [[-73.96330651724607, 40.76604129003329], [-73.96246998928173, 40.76718493378805], [-73.96217255203268, 40.767594281082694], [-73.96330651724607, 40.76604129003329]], [[-73.95942058171877, 40.77137031975105], [-73.96085018382527, 40.76941448469748], [-73.9606018057136, 40.76974918771159], [-73.95942058171877, 40.77137031975105]], [[-73.95893636248339, 40.77203210972417], [-73.95857052505814, 40.77253279547027], [-73.95831380532545, 40.77288511216958], [-73.95893636248339, 40.77203210972417]], [[-73.97965233314095, 40.771155327542616], [-73.97965233314095, 40.771155327542644], [-73.97975649502526, 40.77101319965845], [-73.97965233314095, 40.771155327542616]], [[-73.98056370600722, 40.769905325236145], [-73.98056370600727, 40.769905325236145], [-73.98075607902639, 40.76964035159401], [-73.98056370600722, 40.769905325236145]], [[-73.98143283466636, 40.76812301548736], [-73.98143283466639, 40.76812301548738], [-73.98143044583433, 40.76809900857247], [-73.98143283466636, 40.76812301548736]], [[-73.94934122623077, 40.83398211496197], [-73.94941240096061, 40.83400810630464], [-73.9493412262308, 40.83398211496196], [-73.94934122623077, 40.83398211496197]], [[-73.94827676702766, 40.83386545609754], [-73.94897390483271, 40.834052228652375], [-73.94592558095874, 40.83280648970217], [-73.94827676702766, 40.83386545609754]], [[-73.94582395086611, 40.83276546128719], [-73.94034643247481, 40.830457843352235], [-73.93962569863977, 40.830155837387814], [-73.93943428706268, 40.83007611669199], [-73.93932217922594, 40.83002439342648], [-73.94582395086611, 40.83276546128719]], [[-73.94177140103841, 40.8070890008521], [-73.9479230667672, 40.809676922967405], [-73.94976085902863, 40.810454283891616], [-73.94783892075638, 40.80964112780469], [-73.94177140103845, 40.8070890008521], [-73.94226311088819, 40.80641573824753], [-73.94275367162054, 40.80574401279446], [-73.94177140103841, 40.8070890008521]], [[-73.94480742947479, 40.8057888091633], [-73.94493387643276, 40.8056193676039], [-73.94452560843253, 40.80617873704285], [-73.94480742947479, 40.8057888091633]], [[-73.9457332123988, 40.80453203335625], [-73.94586183304578, 40.80435984623871], [-73.94563314996523, 40.80466962350705], [-73.9457332123988, 40.80453203335625]], [[-73.94620045768923, 40.80390652243222], [-73.94561836398002, 40.80365897805449], [-73.9445991520805, 40.803225048342604], [-73.94561836397996, 40.80365897805453], [-73.94620045768923, 40.80390652243222]], [[-73.94550863852011, 40.80197023174208], [-73.94468546654008, 40.80310574022573], [-73.94646133719719, 40.800665306384424], [-73.94550863852011, 40.80197023174208]], [[-73.94717620542387, 40.799684233383644], [-73.9473277142641, 40.7994766714784], [-73.94737599778551, 40.799410524720415], [-73.9474006968439, 40.7993766876425], [-73.94717620542387, 40.799684233383644]], [[-73.94760370413738, 40.79909857036289], [-73.94775716402712, 40.798888332040725], [-73.94782725378765, 40.798792308318646], [-73.94760370413738, 40.79909857036289]], [[-73.94810108960388, 40.79841714888387], [-73.94810108960384, 40.79841714888387], [-73.94792115810579, 40.79866365834907], [-73.94810108960388, 40.79841714888387]], [[-73.94671831879403, 40.81989426803332], [-73.94725889007377, 40.81872982455711], [-73.9470362314066, 40.81920837200796], [-73.94671831879397, 40.81989426803336], [-73.94640289781525, 40.82057204268724], [-73.94671831879403, 40.81989426803332]], [[-73.94740945411047, 40.8184065190159], [-73.94867681741353, 40.81569228651993], [-73.94835601453069, 40.816374305618815], [-73.94800732801151, 40.81711650889925], [-73.94740945411047, 40.8184065190159]], [[-73.94910461405024, 40.81488233122879], [-73.94942552761023, 40.814379584095526], [-73.94954795026095, 40.814209810094056], [-73.94910461405024, 40.81488233122879]], [[-73.95035019209067, 40.813159389290014], [-73.94963702038646, 40.81408629724479], [-73.95098203327805, 40.81252162978963], [-73.95035019209067, 40.813159389290014]], [[-73.94460364515598, 40.821461981187966], [-73.94516004829616, 40.820879043978785], [-73.94516004829607, 40.82087904397875], [-73.94460364515598, 40.821461981187966]], [[-73.94460364515598, 40.821461981187966], [-73.94350594397166, 40.82262775327928], [-73.94296517242573, 40.82321548012819], [-73.94460364515598, 40.821461981187966]], [[-73.94121375959294, 40.825566716072544], [-73.94242953890146, 40.82390915693536], [-73.9419556957453, 40.82455444112514], [-73.94150312587466, 40.82517136739312], [-73.94121375959294, 40.825566716072544]], [[-73.9405947256646, 40.82641360453156], [-73.93968952732978, 40.827656574227724], [-73.94075445358195, 40.82619497764571], [-73.9405947256646, 40.82641360453156]], [[-73.93968952732978, 40.827656574227724], [-73.93896034800785, 40.82898633046249], [-73.93882317002871, 40.829308849301526], [-73.93968952732978, 40.827656574227724]], [[-73.93899743371458, 40.829888853366676], [-73.93899743371446, 40.829888853366676], [-73.93917656144323, 40.82996197231804], [-73.93899743371458, 40.829888853366676]], [[-73.94495375493995, 40.85008204558023], [-73.94495375493989, 40.85008204558023], [-73.94593853674975, 40.85026829046072], [-73.94495375493995, 40.85008204558023]], [[-73.94348390439798, 40.849011299250115], [-73.94323551606671, 40.849602932168594], [-73.94340331235185, 40.8491785976854], [-73.94348390439798, 40.849011299250115]], [[-73.94336049460628, 40.848256322438885], [-73.9433369158737, 40.84825899164901], [-73.94333691587373, 40.84825899164901], [-73.94336049460628, 40.848256322438885]], [[-73.94300437764805, 40.84821932376783], [-73.94300437764792, 40.848219323767815], [-73.94287516217103, 40.84827960986945], [-73.94300437764805, 40.84821932376783]], [[-73.93803616045416, 40.847557754918505], [-73.93803616045412, 40.8475577549185], [-73.93801476722744, 40.84761129718637], [-73.93803616045416, 40.847557754918505]], [[-73.93756678288764, 40.848491481782744], [-73.9375667828877, 40.8484914817827], [-73.93767236845285, 40.848392728976485], [-73.93756678288764, 40.848491481782744]], [[-73.93748661556532, 40.84856903509862], [-73.93728604910491, 40.84874790786846], [-73.93716376431375, 40.84884724693424], [-73.93639683069716, 40.84954119584188], [-73.93748661556532, 40.84856903509862]], [[-73.93139355315758, 40.84742823140971], [-73.93139355315752, 40.84742823140969], [-73.93123166452797, 40.847646168183026], [-73.93139355315758, 40.84742823140971]], [[-73.93062107886003, 40.84848097743911], [-73.93027496510987, 40.848331782278954], [-73.93062107886001, 40.84848097743913], [-73.93062107886003, 40.84848097743911]], [[-73.92707982277773, 40.85143234338436], [-73.92791138567412, 40.850213581061816], [-73.92824918846773, 40.84983985458199], [-73.92866655364963, 40.84957552930135], [-73.92889697456346, 40.84934253033435], [-73.92707982277773, 40.85143234338436]], [[-73.92528478826843, 40.85581928881431], [-73.9272393482981, 40.853115372658365], [-73.92769565671857, 40.85248778277556], [-73.9270553202705, 40.851835802156096], [-73.92769565671846, 40.85248778277556], [-73.92679937829786, 40.85371714613693], [-73.92528478826843, 40.85581928881431]], [[-73.9248983834874, 40.85631218819421], [-73.92506423454707, 40.85608374657509], [-73.92496241279014, 40.85621985168217], [-73.9248983834874, 40.85631218819421]], [[-73.92477620021997, 40.85649911974191], [-73.92477620022007, 40.856499119741905], [-73.9248455919761, 40.85639079145171], [-73.92477620021997, 40.85649911974191]], [[-73.9246649355739, 40.85672185949811], [-73.92466493557401, 40.85672185949814], [-73.92468959183292, 40.856649101211275], [-73.9246649355739, 40.85672185949811]], [[-73.92469765022803, 40.857292283513345], [-73.92491221182219, 40.857705160028715], [-73.92463704115342, 40.856865946762625], [-73.92469765022803, 40.857292283513345]], [[-73.92513638661094, 40.858011316235874], [-73.92505245361198, 40.85793596849404], [-73.92511009059055, 40.85799064351469], [-73.92513638661094, 40.858011316235874]], [[-73.92518831755135, 40.85805024818244], [-73.92575048592354, 40.85822850864704], [-73.92584137324778, 40.85822838738328], [-73.92518831755135, 40.85805024818244]], [[-73.92619245093358, 40.85816112866783], [-73.92619245093367, 40.85816112866778], [-73.92615013772206, 40.85817450621361], [-73.92619245093358, 40.85816112866783]], [[-73.92641850269419, 40.85804597097051], [-73.92641850269419, 40.85804597097048], [-73.92639110125643, 40.85806311289369], [-73.92641850269419, 40.85804597097051]], [[-73.926649034862, 40.857791444083155], [-73.926649034862, 40.85779144408309], [-73.92659483963823, 40.85786387916975], [-73.926649034862, 40.857791444083155]], [[-73.92698783714411, 40.85772702208562], [-73.92691117424916, 40.85750876152573], [-73.92686140726724, 40.857556302418544], [-73.92698783714411, 40.85772702208562]], [[-73.92709952023685, 40.85827527101051], [-73.92709952023695, 40.85827527101051], [-73.9271133619484, 40.8581742557451], [-73.92709952023685, 40.85827527101051]], [[-73.92676602517321, 40.85891354134082], [-73.9267660251731, 40.85891354134082], [-73.92662633027959, 40.859051859616194], [-73.92676602517321, 40.85891354134082]], [[-73.92629698047985, 40.85928556473257], [-73.92629698047996, 40.85928556473253], [-73.92646882741118, 40.85917645492974], [-73.92629698047985, 40.85928556473257]], [[-73.92573921378832, 40.85963606588273], [-73.92573921378842, 40.85963606588273], [-73.92585508770581, 40.85954924948567], [-73.92573921378832, 40.85963606588273]], [[-73.9249684813092, 40.860900934495795], [-73.92508675836145, 40.860499766838906], [-73.92526709398798, 40.8601576083954], [-73.9249684813092, 40.860900934495795]], [[-73.92492832926601, 40.86128683504595], [-73.9249283292659, 40.861286835046], [-73.92479253279703, 40.8615356974336], [-73.9247806996536, 40.86157484382432], [-73.92492832926601, 40.86128683504595]], [[-73.9247415331931, 40.86159363825168], [-73.92474153319307, 40.861593638251684], [-73.92476434078536, 40.86163089268802], [-73.9247415331931, 40.86159363825168]]], [[[-73.96458702311317, 40.746515898544516], [-73.96412514486175, 40.74684576060551], [-73.96458318338802, 40.74645440134334], [-73.96458702311317, 40.746515898544516]]], [[[-73.91977249931006, 40.59952733920603], [-73.91626393108346, 40.598161137312935], [-73.91338305751177, 40.59472155328083], [-73.91295122631982, 40.59205432996972], [-73.91524478238685, 40.59158750868088], [-73.91787543558087, 40.594722181022455], [-73.92182277731894, 40.59733293287272], [-73.92211748277803, 40.598677158382685], [-73.91977249931006, 40.59952733920603]]], [[[-73.94285528620647, 40.76830349491207], [-73.95330696035853, 40.75634432712769], [-73.95791452493181, 40.75210985452551], [-73.96153855464473, 40.749723119840674], [-73.95901616627437, 40.753595060460135], [-73.94472478343205, 40.769786271534315], [-73.94212674580714, 40.77203470050927], [-73.94007665619392, 40.77292618686003], [-73.94027985829325, 40.77067071100996], [-73.9411177871802, 40.76941440857483], [-73.94285528620647, 40.76830349491207]]], [[[-73.93759894622616, 40.78046784086168], [-73.93861200821945, 40.78033895586917], [-73.9395837897242, 40.77957647450991], [-73.93808213268757, 40.78141843727485], [-73.93759894622616, 40.78046784086168]]], [[[-73.91630574681669, 40.79111748033449], [-73.9185629977498, 40.78969533382608], [-73.92199539273011, 40.78575607831271], [-73.92306473139391, 40.78334288477453], [-73.92732422574852, 40.781090629324446], [-73.93502345068339, 40.783006382531234], [-73.93598225918352, 40.78394236877618], [-73.9357126586545, 40.78568048949198], [-73.93084178651056, 40.79099143050377], [-73.92972400693692, 40.79136617884529], [-73.92807273575714, 40.79082339078068], [-73.9261041018663, 40.79073160762008], [-73.92615942249715, 40.791715389497426], [-73.92656766185677, 40.79185813478102], [-73.92560756026242, 40.79189590746655], [-73.92673798802822, 40.79192842329431], [-73.9265658472775, 40.790979502215386], [-73.92786889152922, 40.79095483863406], [-73.92713563728074, 40.791929306603336], [-73.92826720207927, 40.79232852445038], [-73.92834212708986, 40.79297969032964], [-73.92693614679627, 40.795497062372476], [-73.92695192289807, 40.79670843295423], [-73.92711806812495, 40.797203861737465], [-73.92718514690121, 40.79734989744999], [-73.9272029970413, 40.79738674846966], [-73.92721689169032, 40.79741543349737], [-73.9274392203096, 40.79771053871783], [-73.92747588537284, 40.79812290033482], [-73.92669572541307, 40.80014697765469], [-73.9272477078927, 40.80039295736917], [-73.92666565480394, 40.80018271403597], [-73.92704640297914, 40.80065174303151], [-73.92549293492971, 40.80195616932098], [-73.92263378594822, 40.80186873864386], [-73.9203146552122, 40.79937545929022], [-73.91545470966419, 40.7970634660312], [-73.9137838537053, 40.79383628598483], [-73.91630574681669, 40.79111748033449]]], [[[-73.92738263624605, 40.79737706257546], [-73.92767122620857, 40.79721701426642], [-73.92770694127172, 40.79729866287719], [-73.92738263624605, 40.79737706257546]]], [[[-73.90223410805017, 40.80493879780692], [-73.90807397255574, 40.79957281983749], [-73.90779307559532, 40.79949348953819], [-73.9076822280089, 40.799388313925455], [-73.90842190701693, 40.799442093617316], [-73.90830303542083, 40.798959135920335], [-73.91089222177101, 40.79701779553837], [-73.91372255742067, 40.79678943900846], [-73.92024068026599, 40.7996136878696], [-73.92292709999569, 40.80237329531277], [-73.9276278850446, 40.802695665983364], [-73.92728271855411, 40.803508264416664], [-73.9287260742369, 40.80410362522707], [-73.9322826191658, 40.808363974125385], [-73.9328639701707, 40.81012443789091], [-73.9323998255849, 40.82114556743], [-73.93360591970537, 40.83278953052058], [-73.9329963893537, 40.83567878985862], [-73.9286157466785, 40.844676865699334], [-73.91956620812296, 40.85684018368743], [-73.91341462193655, 40.86336749370088], [-73.91276271995396, 40.86302917466031], [-73.91227278976977, 40.86363214899687], [-73.91279762128875, 40.8638988759356], [-73.91041774440447, 40.86656954418637], [-73.90864943111376, 40.871385783802936], [-73.9096000662193, 40.87308761849069], [-73.91127864203318, 40.874331369497945], [-73.91908326224589, 40.876064881825535], [-73.92273788199171, 40.87890544609759], [-73.92451795851026, 40.879058659562084], [-73.92490327384792, 40.878888367852795], [-73.9203928019909, 40.8876485002271], [-73.91501449586045, 40.90308129910659], [-73.91264932172878, 40.90807081195554], [-73.91165472402199, 40.913417851896895], [-73.91033256782728, 40.91553277650231], [-73.85946778634425, 40.90051720976883], [-73.85886401228039, 40.901711695048654], [-73.85957882881917, 40.902440843273325], [-73.8581599991654, 40.90230571020182], [-73.85711090413734, 40.9036495326953], [-73.85717765921405, 40.90528654165973], [-73.8560102332303, 40.90530598362625], [-73.85681013550217, 40.90615582832508], [-73.85423776598559, 40.90703286825344], [-73.85374103564406, 40.90778791723747], [-73.85471078184983, 40.90800631044377], [-73.85458940455754, 40.90893949929683], [-73.85295618355188, 40.91035304417856], [-73.8522745155013, 40.909854100145076], [-73.85107116095503, 40.91037152022097], [-73.85347522267351, 40.907530293525184], [-73.8509205929659, 40.90661649448888], [-73.85017317419612, 40.90750786564983], [-73.84481886918655, 40.90552995017652], [-73.84489264842898, 40.90419086729802], [-73.84138689238422, 40.904172741533245], [-73.84077858813106, 40.90162785769584], [-73.83919720440466, 40.899334555151725], [-73.83964812680534, 40.897330535338995], [-73.83839199057287, 40.894067008047344], [-73.8395863092757, 40.89380102376426], [-73.83804277219701, 40.89414233138703], [-73.82252377578457, 40.88942882441799], [-73.8233744303617, 40.88992176243488], [-73.82285334940228, 40.891206829094344], [-73.79300652560885, 40.883358737381556], [-73.7949170558667, 40.88054379098505], [-73.79554579908852, 40.88069101537513], [-73.79502596232678, 40.879747797714465], [-73.7974381545744, 40.87513533245079], [-73.79981389580328, 40.87415984971642], [-73.80080515564886, 40.871494061246516], [-73.80267298767075, 40.870154470944115], [-73.80297847593458, 40.86874332976194], [-73.80594428659224, 40.86892980232654], [-73.80569186812536, 40.86955351940423], [-73.80670425166406, 40.8704198377245], [-73.80786348838299, 40.871131774526646], [-73.80924423453129, 40.87122460147253], [-73.80841020282985, 40.87092778352045], [-73.80872549256146, 40.87043273548407], [-73.80754063636171, 40.870377552173665], [-73.80870942498512, 40.86908693085252], [-73.80785387653275, 40.86972975164993], [-73.80672958392853, 40.86952964580061], [-73.80694997701814, 40.868859087825584], [-73.80487266170081, 40.86823330232991], [-73.80473569836649, 40.86665506589653], [-73.80291387022217, 40.86697824729398], [-73.80271535305002, 40.86565916327484], [-73.80177259934493, 40.86587684991389], [-73.7977404198542, 40.87234517694846], [-73.79479044681598, 40.873200484034165], [-73.79316703778704, 40.877055639066654], [-73.79440294586094, 40.87764184350173], [-73.79289389454404, 40.879577109995104], [-73.78914050790853, 40.8812619235903], [-73.78912020636906, 40.88008021099363], [-73.79006332860774, 40.87959466151503], [-73.78952309302746, 40.87899812655697], [-73.78611470510785, 40.879057892653215], [-73.78421715885797, 40.87828178375187], [-73.78467950655146, 40.87606091820586], [-73.78691061020376, 40.87398751796683], [-73.78713685554447, 40.8727604658903], [-73.78624874452605, 40.87238284677232], [-73.78508139592718, 40.87358996221956], [-73.78521974032056, 40.871634753409154], [-73.7840152230201, 40.87376790371924], [-73.78340673949684, 40.87371717103243], [-73.78395100413773, 40.872896330018314], [-73.78306853425862, 40.872153576425525], [-73.78328614178682, 40.87069891608], [-73.78560245305442, 40.86834165222387], [-73.78595115207338, 40.86932175714071], [-73.78858339378358, 40.86917114124368], [-73.79153128143534, 40.867318044282634], [-73.79223025408633, 40.86525725932752], [-73.79146291125284, 40.86227438460017], [-73.79189070744705, 40.86107122186013], [-73.7935953273796, 40.86051731268542], [-73.79412037337143, 40.8596962681982], [-73.79487469148799, 40.85807556038882], [-73.79435005934272, 40.85652702380403], [-73.79685461759917, 40.85626435821358], [-73.79798533480687, 40.854848933098474], [-73.7987225560008, 40.854914401172785], [-73.79902419392448, 40.8539572676523], [-73.79795583310546, 40.852988329711316], [-73.79780522990897, 40.85194959759211], [-73.7981936599684, 40.85059256140686], [-73.7993204316036, 40.849912774874134], [-73.80029026717601, 40.84814485575314], [-73.80146735253476, 40.8487702139625], [-73.80417557932397, 40.85334012018936], [-73.80452526711176, 40.85485186479956], [-73.80352359791945, 40.85555669481545], [-73.80478643015658, 40.861538472923215], [-73.80601085112782, 40.86177306539543], [-73.80582041215932, 40.86003461146447], [-73.80741432423729, 40.86011443766042], [-73.80817870447245, 40.85948671567559], [-73.81085022792251, 40.862331993972205], [-73.81327423918889, 40.86322083863628], [-73.81395857354593, 40.864102704216286], [-73.81510315384149, 40.86305746536796], [-73.81641392102583, 40.86118062820666], [-73.8138180258687, 40.860548278670905], [-73.81273146495035, 40.85887754194796], [-73.81230602708416, 40.85416202647344], [-73.81640870908151, 40.85408225461233], [-73.81712409042197, 40.85126957344493], [-73.8157137849466, 40.85081620384502], [-73.81628619094234, 40.850194576449205], [-73.81513102820605, 40.84917250405593], [-73.81610537477155, 40.84645454443762], [-73.81464594697547, 40.84721961352912], [-73.81570353189454, 40.84629134042393], [-73.81368634738338, 40.84727432500665], [-73.81356372861671, 40.84715141127868], [-73.81490858203334, 40.84646876437664], [-73.81442352579826, 40.846187825072626], [-73.81502627604162, 40.84549999556117], [-73.81318865072643, 40.84622953597282], [-73.81403198219381, 40.84558929786809], [-73.81363258232705, 40.84528076903152], [-73.81335905584885, 40.845845499833786], [-73.81328932692877, 40.845951022731775], [-73.8132129524411, 40.84592294034459], [-73.81325997724694, 40.84523399045836], [-73.81284939958523, 40.84631879949846], [-73.81324326351064, 40.845235907850174], [-73.81310050630461, 40.84517241447135], [-73.81287703597569, 40.84513466794604], [-73.81315597044255, 40.84521210037648], [-73.81285536957496, 40.84518628596415], [-73.81241445328276, 40.84655938024637], [-73.81227790834322, 40.84654345827833], [-73.81285774337815, 40.845129545091844], [-73.81254457815471, 40.84497959851104], [-73.81188458844791, 40.84659496706141], [-73.81243625060675, 40.84673771207574], [-73.81169971823518, 40.846681701316385], [-73.81266141349053, 40.84420764950098], [-73.81311795023566, 40.84478760356984], [-73.81254909054671, 40.84495227464261], [-73.81367848761444, 40.845056980413034], [-73.81416729043147, 40.84478090603216], [-73.81369979221634, 40.84484845686251], [-73.81418334592286, 40.844682199586174], [-73.81347956591408, 40.8436511193518], [-73.81499955039924, 40.84350445213947], [-73.81567292547398, 40.84442877611073], [-73.81824065889217, 40.84434212798992], [-73.81662677325095, 40.84394489856042], [-73.81572300132142, 40.84253656548452], [-73.81517113664873, 40.84257716162403], [-73.81570207846413, 40.84251972168978], [-73.81526263397677, 40.84125983942319], [-73.8147334581754, 40.84137572831102], [-73.81523404887383, 40.84100964099411], [-73.81430900133549, 40.839622416882], [-73.81647878477874, 40.8377039838886], [-73.81640954595959, 40.835929380556095], [-73.81550338609122, 40.83595321296462], [-73.81606339574208, 40.83577292747392], [-73.81557396993925, 40.83552508183022], [-73.81608188313594, 40.83536118240042], [-73.81603747055576, 40.8341686148044], [-73.8148793738859, 40.8310300864916], [-73.81389783360487, 40.83090755415845], [-73.81451016521439, 40.83061404705133], [-73.81385671977277, 40.830561442922836], [-73.81429959295038, 40.83035010370283], [-73.81275469994516, 40.82824823625153], [-73.8099279924144, 40.82819322225887], [-73.81263975257947, 40.82783640610003], [-73.81384974858679, 40.826803529132455], [-73.81372207686603, 40.82627159251522], [-73.81291776131222, 40.82635038912083], [-73.81399111587857, 40.826069598458375], [-73.81342102197054, 40.825925017271054], [-73.81379523517661, 40.82529808600175], [-73.81211350556435, 40.825552634659516], [-73.81397110343492, 40.82419026920771], [-73.81327417398889, 40.82396666632235], [-73.81273339101551, 40.82477847078434], [-73.81177284871205, 40.82433980617299], [-73.80909234633549, 40.8258733981643], [-73.80697771152347, 40.82538837039508], [-73.80666166000621, 40.823419584237335], [-73.80595169124446, 40.822882595349604], [-73.80599159848933, 40.82082355849026], [-73.80461931205352, 40.819027114213974], [-73.80348320649303, 40.81827698546684], [-73.80070859721168, 40.818043276298724], [-73.79759032777474, 40.81650753156775], [-73.79738112573526, 40.81576350489581], [-73.79902816314, 40.81554113493885], [-73.80174561215946, 40.8128650174159], [-73.80133906141197, 40.81239373439257], [-73.8017593218082, 40.81286139698747], [-73.80305792069677, 40.812452297890346], [-73.80435810280545, 40.81360853867307], [-73.80325294454971, 40.81319677355019], [-73.80453081609834, 40.81425461992452], [-73.80322176299285, 40.81337410994241], [-73.80471812332664, 40.81523050559674], [-73.80658358725697, 40.8165945881658], [-73.80508103466828, 40.815197963510215], [-73.80455440519013, 40.814629841734714], [-73.80465942749018, 40.814544988618515], [-73.80704600153508, 40.816533693875506], [-73.80545612201098, 40.814686574062925], [-73.80499834751973, 40.812206634063585], [-73.8039118606247, 40.81211049788137], [-73.80235340278853, 40.81003705946174], [-73.80101172843698, 40.81071339964633], [-73.80146670007328, 40.81014171796329], [-73.7985376596495, 40.809587075529905], [-73.79228907337423, 40.80684900557966], [-73.79086475738721, 40.80734113943563], [-73.79006256327877, 40.805408942337195], [-73.79065958257803, 40.804485792582284], [-73.7933898228672, 40.80420433003646], [-73.79577769393846, 40.806162949531966], [-73.79791578987583, 40.80671223052465], [-73.80175278639199, 40.809042002512335], [-73.80392673417204, 40.80852797081189], [-73.8099202908178, 40.812929152261944], [-73.81400319066054, 40.81355146726609], [-73.81449994116008, 40.81290828760471], [-73.81447727191156, 40.813518541338745], [-73.81620056896568, 40.81384747547441], [-73.82055521517309, 40.813017655077104], [-73.82024436122057, 40.81243067757415], [-73.8210651207108, 40.81220359146245], [-73.8203235551588, 40.812439652195124], [-73.82112969804922, 40.81244975686706], [-73.82058709143999, 40.81301944660828], [-73.82408760781654, 40.81216384832528], [-73.82505782163025, 40.81182991738434], [-73.8248090535986, 40.81143928210276], [-73.82524350467826, 40.81176134024024], [-73.82487938938073, 40.811272983828395], [-73.82565070298223, 40.81159229041371], [-73.82535766859549, 40.81102764392394], [-73.82567229084664, 40.81158474423311], [-73.82553710461548, 40.81101552428081], [-73.82581255718912, 40.81153370452054], [-73.82802775144881, 40.81145236638727], [-73.83018245574914, 40.810839087126965], [-73.83217486842544, 40.80815977894154], [-73.8316157445545, 40.80493825599347], [-73.83743611993722, 40.80620264267889], [-73.84043199540832, 40.81254112873967], [-73.83956806528742, 40.81449124911088], [-73.84009277081641, 40.81779897053961], [-73.83868347700987, 40.81959138051441], [-73.83888231646733, 40.82214048985618], [-73.84233077410983, 40.829073962955555], [-73.84188643774428, 40.83071317653467], [-73.83885232384722, 40.83369066784842], [-73.83956700266877, 40.840547227886674], [-73.83972014449351, 40.839565405985425], [-73.8403028253707, 40.839524314447786], [-73.8395910845217, 40.83404168859336], [-73.84221334664694, 40.83155050727739], [-73.84310691599906, 40.829794139320036], [-73.84001752995962, 40.82219024212052], [-73.83999860407422, 40.81993494681325], [-73.84198684767891, 40.818774373907466], [-73.84528019236548, 40.81177811674586], [-73.84632411861645, 40.811687423568785], [-73.84646715886365, 40.812306040383945], [-73.84632411861651, 40.811687423568785], [-73.8457656170211, 40.81158227934471], [-73.8461730287217, 40.81067666392803], [-73.84719684509648, 40.810580487614345], [-73.84821486515594, 40.812462909498464], [-73.85060246203848, 40.81393020004222], [-73.85301328287127, 40.814584423623714], [-73.85261815190952, 40.81405869212329], [-73.85336857802673, 40.813593903135626], [-73.85538030243578, 40.814288882585444], [-73.85346774058523, 40.81347771160878], [-73.8511999765915, 40.813553143872895], [-73.84921243763631, 40.81238419953777], [-73.84996696802818, 40.80857801884382], [-73.84876007745984, 40.80833745779323], [-73.84952218256736, 40.80805527772038], [-73.84753621909455, 40.80592640279447], [-73.84790298652742, 40.80500217939745], [-73.85605162931896, 40.80458742970993], [-73.8566181343632, 40.80486557116394], [-73.85560497039725, 40.80506215703507], [-73.85724491988569, 40.80530723811626], [-73.85683421024561, 40.804909270212924], [-73.85889037502272, 40.805889491177936], [-73.85831487707078, 40.80599859101236], [-73.858611919012, 40.80669751303537], [-73.85887709403188, 40.805988508100945], [-73.85919545024372, 40.806269878332465], [-73.85940191920201, 40.80752959133741], [-73.85866505169193, 40.806832751495776], [-73.85838996228814, 40.80825880914896], [-73.85895141221778, 40.8102714175867], [-73.86012695169545, 40.80960549938806], [-73.85932919264776, 40.80899654096591], [-73.85938982020575, 40.80816376836323], [-73.8606596581127, 40.809631903481346], [-73.86765646284466, 40.810583761937345], [-73.8707780488584, 40.81448689599054], [-73.87651996033537, 40.81613106392691], [-73.87673185506915, 40.81538649598422], [-73.872394379, 40.81397433610859], [-73.87056806861774, 40.81208731762185], [-73.8681121914008, 40.80675183283206], [-73.87174509373908, 40.80154736611633], [-73.87355096572502, 40.800853302772026], [-73.87814218819821, 40.80131929080922], [-73.878234649218, 40.80264680576837], [-73.879213484076, 40.802795327337826], [-73.88372326665917, 40.801862843941215], [-73.88505172336708, 40.80213090679824], [-73.88795897223945, 40.80499792592088], [-73.88906442025977, 40.80502191290477], [-73.88922416091077, 40.805845351694764], [-73.89014756243947, 40.80496060928421], [-73.8893743925369, 40.80592527311549], [-73.89178618135598, 40.8056228920864], [-73.89197929534278, 40.806384708976395], [-73.89270681066506, 40.806343948093144], [-73.89126710622972, 40.80501048892173], [-73.89173240995696, 40.80504936291794], [-73.8927481403741, 40.80634026130218], [-73.89485360535787, 40.806214908661495], [-73.89484295983542, 40.805723997514924], [-73.89509836487397, 40.80686363917372], [-73.8952796287393, 40.805766184570665], [-73.89559109091819, 40.8065813433477], [-73.89587481599303, 40.805808511582576], [-73.89610824517877, 40.80649615095144], [-73.89749681953896, 40.80621440020273], [-73.89741472698567, 40.80580005947825], [-73.89801340830084, 40.80616660385882], [-73.89787127990651, 40.805534981759834], [-73.89816110752606, 40.80613807060269], [-73.89852656516594, 40.805434309098146], [-73.90223410805017, 40.80493879780692]], [[-73.91752824331095, 40.85689585508158], [-73.91740656723236, 40.85705140959527], [-73.91740656723236, 40.85705140959538], [-73.91752824331095, 40.85689585508158]], [[-73.91741482221033, 40.85692019174578], [-73.91737409380193, 40.856745966877426], [-73.91739751734242, 40.85663626844657], [-73.91737409380188, 40.856745966877426], [-73.91741482221033, 40.85692019174578]], [[-73.917433365176, 40.856206235573104], [-73.9174200647121, 40.856176826747564], [-73.91745233991233, 40.856293587777536], [-73.917433365176, 40.856206235573104]], [[-73.91720801051001, 40.85683830041612], [-73.91705252944601, 40.85723101701772], [-73.91718821027804, 40.855918821827935], [-73.91720801051001, 40.85683830041612]], [[-73.916931545491, 40.85748922945009], [-73.91675959174235, 40.857805425253915], [-73.91672529513538, 40.85786199587449], [-73.916931545491, 40.85748922945009]], [[-73.91656578144602, 40.858114248050484], [-73.91615941504118, 40.85878456688732], [-73.91660645565125, 40.858051591850234], [-73.91656578144602, 40.858114248050484]], [[-73.91508181719469, 40.85919179894053], [-73.91508181719468, 40.859191798940536], [-73.91545483318559, 40.859050833488205], [-73.91508181719469, 40.85919179894053]], [[-73.91542544527437, 40.85872864146644], [-73.91328436985144, 40.85961860183284], [-73.91542544527434, 40.858728641466485], [-73.91542544527437, 40.85872864146644]], [[-73.91088488310591, 40.85877618293621], [-73.9108183867738, 40.85874779294392], [-73.91108849398003, 40.85884766915018], [-73.91088488310591, 40.85877618293621]], [[-73.9096674776471, 40.85748494865283], [-73.9077748420255, 40.85960952012408], [-73.90966747764716, 40.85748494865288], [-73.9096674776471, 40.85748494865283]], [[-73.90707003883068, 40.859361849239114], [-73.9067973487595, 40.8593735889309], [-73.90708112540231, 40.859361352745076], [-73.90707003883068, 40.859361849239114]], [[-73.90493980233735, 40.8566470019842], [-73.9055700724114, 40.855787323398914], [-73.90656057228776, 40.8546799046808], [-73.90493980233735, 40.8566470019842]], [[-73.91112232176485, 40.84941809890666], [-73.9114945914831, 40.84889828751267], [-73.91069463578026, 40.85001909904252], [-73.91112232176485, 40.84941809890666]], [[-73.91477947879838, 40.845120601392146], [-73.91479910955546, 40.84512012789707], [-73.91418502222625, 40.845134946988445], [-73.91477947879838, 40.845120601392146]], [[-73.91559683548307, 40.84510087285516], [-73.91662948423003, 40.84507593748015], [-73.91479910955546, 40.84512012789707], [-73.91559683548307, 40.84510087285516]], [[-73.91934990548155, 40.8449455028967], [-73.9194087229277, 40.8449422662373], [-73.91880512436076, 40.844978078439524], [-73.91934990548155, 40.8449455028967]], [[-73.92052438880609, 40.84488279562583], [-73.92132737992068, 40.844828770418026], [-73.92047180724603, 40.844886333000275], [-73.92052438880609, 40.84488279562583]], [[-73.92243398487184, 40.84475431259137], [-73.92265185267904, 40.84474515981751], [-73.92265185267905, 40.84474515981747], [-73.92249820375547, 40.84474999109527], [-73.92243398487184, 40.84475431259137]], [[-73.92283615621272, 40.8438395395323], [-73.92283615621272, 40.84383953953235], [-73.92286081489083, 40.84364000750003], [-73.92283615621272, 40.8438395395323]], [[-73.92284824658984, 40.843239315070996], [-73.92284105182517, 40.84320083759032], [-73.92285507348907, 40.84332153768724], [-73.92284824658984, 40.843239315070996]], [[-73.9213815589633, 40.83943016567339], [-73.92138809477208, 40.83941160784672], [-73.9213781581737, 40.8394447931899], [-73.9213815589633, 40.83943016567339]], [[-73.9216400735215, 40.838887650339], [-73.92176015134073, 40.838698129837134], [-73.92153408292582, 40.839061516599905], [-73.9216400735215, 40.838887650339]], [[-73.9221868336207, 40.8380132630878], [-73.92222315296334, 40.83790957730983], [-73.922140967808, 40.83810887887613], [-73.9221868336207, 40.8380132630878]], [[-73.92235935190193, 40.83626316974551], [-73.92236007936131, 40.83625443542599], [-73.92234997961512, 40.83637548156949], [-73.92235935190193, 40.83626316974551]], [[-73.92237223037706, 40.83610874281376], [-73.92237223037701, 40.8361087428138], [-73.92236854007666, 40.83615297996829], [-73.92237223037706, 40.83610874281376]], [[-73.92260005407758, 40.83595892615198], [-73.9223722303771, 40.83610874281366], [-73.92237223037706, 40.83610874281376], [-73.92260005407758, 40.83595892615198]], [[-73.921882893844, 40.83642570219847], [-73.92089122916045, 40.83708240952659], [-73.92201807446881, 40.836338141256725], [-73.921882893844, 40.83642570219847]], [[-73.9206694162246, 40.83722861457656], [-73.9200179934214, 40.837656129167335], [-73.92001799342114, 40.83765612916761], [-73.9206694162246, 40.83722861457656]], [[-73.90949951474379, 40.83416710457446], [-73.90948538423967, 40.834192107162245], [-73.9094995147439, 40.8341671045745], [-73.90949951474379, 40.83416710457446]], [[-73.90942141637136, 40.83412729434473], [-73.90940152719561, 40.83416958188043], [-73.90940152719568, 40.83416958188045], [-73.90942141637136, 40.83412729434473]], [[-73.90923681421066, 40.83296646097274], [-73.90926478748737, 40.832916621068776], [-73.90919429276542, 40.833042220053485], [-73.90923681421066, 40.83296646097274]], [[-73.90937415233654, 40.8327217718099], [-73.90940072495553, 40.832674427525546], [-73.90931708498633, 40.8328234449053], [-73.90937415233654, 40.8327217718099]], [[-73.90951895669825, 40.83246377703958], [-73.90956558653271, 40.832380697428924], [-73.90949733113713, 40.832502306711255], [-73.90951895669825, 40.83246377703958]], [[-73.90971373688798, 40.830470013872414], [-73.90952240850922, 40.830408056605386], [-73.91015737634227, 40.83062279082233], [-73.90971373688798, 40.830470013872414]], [[-73.911694301724, 40.82775871580911], [-73.91169617251333, 40.82773365267995], [-73.91030770254517, 40.82877248624752], [-73.911694301724, 40.82775871580911]], [[-73.91130974385186, 40.82484855889453], [-73.91316674348849, 40.825456455311894], [-73.91316674348853, 40.825456455311816], [-73.91130974385186, 40.82484855889453]], [[-73.91475120998601, 40.825200473433426], [-73.91541108147264, 40.82577390912271], [-73.91351191609789, 40.82480494542259], [-73.91475120998601, 40.825200473433426]], [[-73.91592284900656, 40.82544005648955], [-73.91595876146916, 40.82541678080247], [-73.9156867313272, 40.82559391818386], [-73.91592284900656, 40.82544005648955]], [[-73.91624747997187, 40.82522965546708], [-73.91626582725503, 40.825217764376575], [-73.91618778387283, 40.82526834721441], [-73.91624747997187, 40.82522965546708]], [[-73.91656968866918, 40.82497938586299], [-73.9165025085119, 40.8249596534332], [-73.91661368376236, 40.8249923085071], [-73.91656968866918, 40.82497938586299]], [[-73.91632949176686, 40.82467909727035], [-73.91608782725582, 40.82483785183054], [-73.91608782725586, 40.82483785183055], [-73.91632949176686, 40.82467909727035]], [[-73.90308946530321, 40.809856399702475], [-73.90259424150396, 40.81022335927499], [-73.90158300820661, 40.8108761556962], [-73.90259424150402, 40.81022335927499], [-73.90308946530321, 40.809856399702475]], [[-73.9015581929929, 40.810892175028975], [-73.90155819299291, 40.81089217502897], [-73.90158300820661, 40.8108761556962], [-73.9015581929929, 40.810892175028975]], [[-73.92715291249452, 40.8257239154537], [-73.9294327820067, 40.82647874133464], [-73.92715291285664, 40.825723914841376], [-73.92715291249452, 40.8257239154537]], [[-73.92403954358913, 40.831051146755364], [-73.92497185315266, 40.82952271512948], [-73.92583880015601, 40.827970949053835], [-73.92403954358913, 40.831051146755364]], [[-73.9231337214839, 40.83447601278915], [-73.92313372148375, 40.834476012789146], [-73.92314498582064, 40.834483022492066], [-73.9231337214839, 40.83447601278915]], [[-73.92315731725375, 40.834493322028266], [-73.92316603028966, 40.83450392585617], [-73.92314756701168, 40.834484898344634], [-73.92315731725375, 40.834493322028266]], [[-73.9231723587491, 40.83451546401064], [-73.9231749619925, 40.83452385181485], [-73.92316603028966, 40.83450392585617], [-73.9231723587491, 40.83451546401064]], [[-73.923177257326, 40.834540100037856], [-73.92317621983985, 40.83454837479927], [-73.9231765102981, 40.834531803125415], [-73.923177257326, 40.834540100037856]], [[-73.92317149572402, 40.83456462811624], [-73.92252103705994, 40.835722797076926], [-73.92242147456945, 40.835981022836755], [-73.9225210370601, 40.83572279707689], [-73.92317149572402, 40.83456462811624]], [[-73.92454726013264, 40.81871262351008], [-73.92505734302887, 40.81815266020373], [-73.92410540444199, 40.81919769002832], [-73.92454726013264, 40.81871262351008]], [[-73.92194763991088, 40.82103154495854], [-73.92265261107394, 40.82049431528034], [-73.92154586470808, 40.82129727351008], [-73.92194763991088, 40.82103154495854]], [[-73.92054346918614, 40.82193385798378], [-73.92066539132294, 40.82183689358983], [-73.92048603210955, 40.8219795366135], [-73.92054346918614, 40.82193385798378]], [[-73.91980424532645, 40.82243697455974], [-73.91993112967258, 40.822354533403676], [-73.91957638038456, 40.82258502774323], [-73.91980424532645, 40.82243697455974]], [[-73.91938041659334, 40.82271235247735], [-73.91941543681634, 40.82268959894439], [-73.91921252427258, 40.82282068331705], [-73.91938041659334, 40.82271235247735]], [[-73.9187557054229, 40.823115219026825], [-73.91884139603613, 40.82306002778633], [-73.91855922724149, 40.82324143660072], [-73.9187557054229, 40.823115219026825]], [[-73.91756599376787, 40.823883672934755], [-73.9178215150532, 40.82371837132908], [-73.91746772633662, 40.823946106951894], [-73.91756599376787, 40.823883672934755]], [[-73.9172501014246, 40.82408437812667], [-73.91728477656768, 40.82406234699924], [-73.91719007307869, 40.8241225173306], [-73.9172501014246, 40.82408437812667]], [[-73.91689195706589, 40.82431192657985], [-73.91712693624306, 40.824162631557975], [-73.91685657130674, 40.82433447481777], [-73.91689195706589, 40.82431192657985]], [[-73.92309299772212, 40.816697728138315], [-73.92390804741817, 40.81556592664698], [-73.92399951188769, 40.81543891295183], [-73.92309299772212, 40.816697728138315]], [[-73.9204811728351, 40.81456368686959], [-73.92130383212299, 40.815477247776066], [-73.92048117283511, 40.81456368686958], [-73.9204811728351, 40.81456368686959]], [[-73.92012648774387, 40.814741122389165], [-73.9194674481671, 40.81507370953774], [-73.9188793082069, 40.81538492891295], [-73.91946744816727, 40.81507370953774], [-73.92012648774387, 40.814741122389165]], [[-73.9176450282038, 40.816065918016484], [-73.91764502820382, 40.81606591801647], [-73.91722549796239, 40.81588968119866], [-73.9176450282038, 40.816065918016484]], [[-73.91395472101753, 40.814602900345164], [-73.91295450686049, 40.81426933468041], [-73.91251890110344, 40.81412214426665], [-73.91295450686043, 40.81426933468041], [-73.91395472101753, 40.814602900345164]], [[-73.91240322245037, 40.81408305722685], [-73.91181210652573, 40.81388331455155], [-73.9116651695825, 40.813838706890124], [-73.91181210652567, 40.81388331455155], [-73.91240322245037, 40.81408305722685]], [[-73.92955661003975, 40.828766788474404], [-73.93033932985117, 40.828495555570385], [-73.93003491400744, 40.82858759029283], [-73.9297379300086, 40.82869272342847], [-73.92955661003975, 40.828766788474404]], [[-73.92439355078224, 40.8344840281177], [-73.92412928058691, 40.83490283671028], [-73.92458702657127, 40.83411538093574], [-73.92439355078224, 40.8344840281177]], [[-73.92338153981659, 40.83544500982517], [-73.92338153981659, 40.83544500982514], [-73.9229611853827, 40.83572144154767], [-73.92338153981659, 40.83544500982517]], [[-73.84133821969704, 40.8934150412083], [-73.84365504137614, 40.89290632605151], [-73.84526189171963, 40.892551090228736], [-73.8436550413761, 40.89290632605151], [-73.84278817385416, 40.89309484556429], [-73.8419205938805, 40.89328577075198], [-73.84133821969704, 40.8934150412083]], [[-73.84629499335124, 40.89232356558197], [-73.84629499335114, 40.89232356558197], [-73.84554147699997, 40.892489725001276], [-73.84629499335124, 40.89232356558197]], [[-73.84895037837143, 40.89173853135472], [-73.84807002425478, 40.891932376141966], [-73.84786854087444, 40.89197666639311], [-73.84807002425484, 40.891932376141966], [-73.84895037837143, 40.89173853135472]], [[-73.84983901149319, 40.89154366304057], [-73.85057530259938, 40.891335444171254], [-73.84895037837143, 40.89173853135472], [-73.84983901149319, 40.89154366304057]], [[-73.85040124935631, 40.89120545864585], [-73.84911269068279, 40.890772441498875], [-73.85069084014889, 40.89130277212733], [-73.85040124935631, 40.89120545864585]], [[-73.84673929493651, 40.890008455907925], [-73.84741355181148, 40.890222198177554], [-73.84823091310277, 40.890484100107244], [-73.84741355181144, 40.89022219817752], [-73.84673929493651, 40.890008455907925]], [[-73.84616032351295, 40.88928160188953], [-73.84590568479918, 40.88974136988266], [-73.84623540584907, 40.88984811492313], [-73.84590568479933, 40.88974136988266], [-73.84616032351295, 40.88928160188953]], [[-73.84744396752198, 40.88697853116563], [-73.84704957922078, 40.887671816883895], [-73.84674760463065, 40.88822133316618], [-73.84704957922088, 40.88767181688385], [-73.84744396752198, 40.88697853116563]], [[-73.84748708751499, 40.88691453806552], [-73.84785777253848, 40.88636441332686], [-73.84790388117827, 40.88629598415256], [-73.84798701912715, 40.88617211823445], [-73.84748708751499, 40.88691453806552]], [[-73.84798701912715, 40.88617211823445], [-73.84804917957035, 40.886079509152616], [-73.84809415173628, 40.88601250619832], [-73.84813585661121, 40.88595037031713], [-73.84817178561349, 40.8858968416734], [-73.84824941235367, 40.885781187638706], [-73.84827227572643, 40.88574712393221], [-73.84798701912715, 40.88617211823445]], [[-73.84829579825133, 40.885712077950025], [-73.84846274030208, 40.885461032310005], [-73.84857953300553, 40.88528427131823], [-73.84829579825133, 40.885712077950025]], [[-73.85101515228688, 40.881645417240975], [-73.85065123054801, 40.882191789920824], [-73.8503700369379, 40.882615752788084], [-73.85065123054812, 40.882191789920796], [-73.85101515228688, 40.881645417240975]], [[-73.8523031923331, 40.87973385707467], [-73.85203280406438, 40.88013997216803], [-73.85156600559458, 40.88082536377026], [-73.85203280406445, 40.88013997216799], [-73.8523031923331, 40.87973385707467]], [[-73.85207011654009, 40.87929765708492], [-73.85186563635438, 40.879058865105165], [-73.85248305745532, 40.87946370504011], [-73.85207011654009, 40.87929765708492]], [[-73.85186563635438, 40.879058865105165], [-73.85091896017336, 40.87789344063441], [-73.85254854030978, 40.877091586763704], [-73.85093186658378, 40.87583001492198], [-73.85254854030967, 40.87709158676373], [-73.8509189601733, 40.87789344063441], [-73.8513837403919, 40.878476224356724], [-73.85186563635438, 40.879058865105165]], [[-73.85068955598965, 40.87548667888787], [-73.8536363872702, 40.87330059920912], [-73.84859676002684, 40.87167078513566], [-73.84280443401491, 40.868680752570704], [-73.8485967600268, 40.87167078513566], [-73.85363638727009, 40.87330059920912], [-73.85068955598965, 40.87548667888787]], [[-73.84280443401491, 40.868680752570704], [-73.84185186483782, 40.868191925881376], [-73.84158826688832, 40.86805187996158], [-73.84122362465428, 40.867858151350795], [-73.84280443401491, 40.868680752570704]], [[-73.84122362465428, 40.867858151350795], [-73.83974233269343, 40.867087930618275], [-73.83922085319246, 40.866820840242006], [-73.83875223454675, 40.866572777966844], [-73.83697021063762, 40.865643136401054], [-73.83922085319239, 40.866820840242006], [-73.84122362465428, 40.867858151350795]], [[-73.83697021063762, 40.865643136401054], [-73.83159619877482, 40.8626447044223], [-73.8308168814219, 40.86242982661619], [-73.83697021063762, 40.865643136401054]], [[-73.82955552272453, 40.862163211186704], [-73.82955552272455, 40.86216321118672], [-73.8308168814219, 40.86242982661619], [-73.82955552272453, 40.862163211186704]], [[-73.84085832578057, 40.853871643698426], [-73.84085832578056, 40.853871643698426], [-73.84068330367063, 40.85403138704192], [-73.84085832578057, 40.853871643698426]], [[-73.84479920989823, 40.8476488204693], [-73.84479920989821, 40.847648820469246], [-73.84479935896543, 40.847649427778485], [-73.84479920989823, 40.8476488204693]], [[-73.84461984625959, 40.84636016212012], [-73.84461984625955, 40.846360162120085], [-73.84462546965075, 40.84644118584671], [-73.84461984625959, 40.84636016212012]], [[-73.8420182788362, 40.84065827887775], [-73.84186514210417, 40.84060876004995], [-73.8418649277284, 40.84060872354546], [-73.8420182788362, 40.84065827887775]], [[-73.84148842407176, 40.84058265733528], [-73.84161375544264, 40.84057562579085], [-73.84161375544262, 40.84057562579085], [-73.84148842407176, 40.84058265733528]], [[-73.83936794250529, 40.84088297398455], [-73.83979282304738, 40.84081909869529], [-73.83936794250526, 40.84088297398454], [-73.83936794250529, 40.84088297398455]], [[-73.87995371497655, 40.89523154709502], [-73.88006191430641, 40.89506316354304], [-73.88004213058953, 40.895222285256786], [-73.87995371497655, 40.89523154709502]], [[-73.88008169925436, 40.894904041152365], [-73.88020226833993, 40.89455422794186], [-73.88035407183082, 40.89351743191512], [-73.88020226833981, 40.89455422794186], [-73.88010495065862, 40.89471696188577], [-73.88008169925436, 40.894904041152365]], [[-73.88028306057083, 40.89231653406391], [-73.88041604089415, 40.892913663727505], [-73.88040495307672, 40.89279254463439], [-73.88038605633696, 40.89267198351521], [-73.88035939618038, 40.892552270033796], [-73.88032503671995, 40.89243369189257], [-73.88028306057083, 40.89231653406391]], [[-73.87918941759696, 40.89030703266875], [-73.87801627845143, 40.88722739279549], [-73.88021193419848, 40.89215792359186], [-73.87918941759696, 40.89030703266875]], [[-73.8843321229342, 40.82281014348159], [-73.88434456609201, 40.822837306221906], [-73.88431595772552, 40.82277023657911], [-73.8843321229342, 40.82281014348159]], [[-73.87806283107774, 40.816182632442626], [-73.88098029527114, 40.81823562312675], [-73.8776265505193, 40.81603871851822], [-73.87806283107774, 40.816182632442626]], [[-73.90846367780055, 40.87262079220629], [-73.90846367780055, 40.87262079220625], [-73.90812757709638, 40.87272575678817], [-73.90846367780055, 40.87262079220629]], [[-73.90636316396072, 40.873319048423426], [-73.90614190064717, 40.87326924029914], [-73.90669160302528, 40.873394859847124], [-73.90636316396072, 40.873319048423426]], [[-73.89844723351264, 40.81317650268114], [-73.89821862866813, 40.813322773612065], [-73.89867103790678, 40.813017466499375], [-73.89844723351264, 40.81317650268114]], [[-73.89775779481229, 40.81364891679589], [-73.89768641285622, 40.813703755318386], [-73.89780915106476, 40.81360946688651], [-73.89775779481229, 40.81364891679589]], [[-73.89733048984402, 40.81399633619959], [-73.89722460121135, 40.814094054988885], [-73.89744223858864, 40.81390228069193], [-73.89733048984402, 40.81399633619959]], [[-73.89685073032476, 40.814460168993485], [-73.89587231105996, 40.81541270072611], [-73.89696707334627, 40.81434225785072], [-73.89685073032476, 40.814460168993485]], [[-73.89542858772428, 40.81584467293086], [-73.89621352051437, 40.8163189718013], [-73.89704466589791, 40.81680185968569], [-73.89542858772433, 40.81584467293086], [-73.89587231105996, 40.81541270072611], [-73.89542858772428, 40.81584467293086]], [[-73.89704466589791, 40.81680185968569], [-73.89493076001253, 40.818846721403304], [-73.89431456606356, 40.8194494938902], [-73.89493076001257, 40.818846721403304], [-73.89567610637717, 40.818129368252976], [-73.89704466589791, 40.81680185968569]], [[-73.8929015611022, 40.82081122419515], [-73.89283653013439, 40.82097405411286], [-73.89366641296334, 40.82007881895936], [-73.8929015611022, 40.82081122419515]], [[-73.89074121219748, 40.82041777345734], [-73.89040009206502, 40.82068001931773], [-73.8907968909787, 40.82034272422069], [-73.89074121219748, 40.82041777345734]], [[-73.88922380963537, 40.82146589554524], [-73.88906316319452, 40.82154870054852], [-73.88963818984006, 40.821202534622294], [-73.88922380963537, 40.82146589554524]], [[-73.88833836206837, 40.821999684858675], [-73.88788746068442, 40.8223630137872], [-73.8875644992105, 40.82251386913187], [-73.8878874606846, 40.8223630137872], [-73.88833836206837, 40.821999684858675]], [[-73.88680697214792, 40.82268420589911], [-73.88655439814995, 40.82270623976911], [-73.88688957268124, 40.82267681020155], [-73.88680697214792, 40.82268420589911]], [[-73.88524976691804, 40.822845044300436], [-73.88521677669549, 40.82284963571578], [-73.88561280621602, 40.82279451897309], [-73.88524976691804, 40.822845044300436]], [[-73.88508162369523, 40.822868445185755], [-73.88507186229924, 40.82286973792859], [-73.88509029037014, 40.822867238968456], [-73.88508162369523, 40.822868445185755]], [[-73.88455776650603, 40.82292410138822], [-73.88482105025474, 40.822897864364386], [-73.88448826522934, 40.822935073433705], [-73.88455776650603, 40.82292410138822]], [[-73.89656464443914, 40.90828582466418], [-73.89658010568485, 40.90895094444133], [-73.89654684176791, 40.9075200075493], [-73.89656464443914, 40.90828582466418]], [[-73.89640895736368, 40.90296110871949], [-73.89640555832283, 40.902977008476654], [-73.89645112764101, 40.90280221441186], [-73.89640895736368, 40.90296110871949]], [[-73.8969705409349, 40.900611168247394], [-73.89687844435785, 40.90104058080481], [-73.89700586964705, 40.9004321543941], [-73.8969705409349, 40.900611168247394]], [[-73.89699492705851, 40.89787872454805], [-73.897048572727, 40.898275721116754], [-73.89683522833037, 40.896726671974655], [-73.89699492705851, 40.89787872454805]], [[-73.89650033079937, 40.89344283137828], [-73.89643170628695, 40.893655280428774], [-73.89643170628695, 40.8936552804288], [-73.89650033079937, 40.89344283137828]], [[-73.89791462599935, 40.890546693003415], [-73.89783000694511, 40.8907250409802], [-73.89792627504224, 40.890519798950436], [-73.89791462599935, 40.890546693003415]], [[-73.90407141673381, 40.87789304021534], [-73.90407141673381, 40.877893040215305], [-73.90393819985326, 40.87817000538892], [-73.90407141673381, 40.87789304021534]], [[-73.90206251359925, 40.880429984043296], [-73.90206251359919, 40.880429984043296], [-73.90183013065133, 40.88068351127335], [-73.90206251359925, 40.880429984043296]], [[-73.89986037440303, 40.8829523822498], [-73.8996954268476, 40.883143985206125], [-73.89998571144906, 40.882806786909335], [-73.89986037440303, 40.8829523822498]], [[-73.87799008934259, 40.887050358506485], [-73.87799008934263, 40.887050358506485], [-73.87783125837879, 40.88677276068347], [-73.87799008934259, 40.887050358506485]], [[-73.8620019796158, 40.8331741868245], [-73.86137654656, 40.83349072342617], [-73.86155834792856, 40.83333022116175], [-73.8620019796158, 40.8331741868245]], [[-73.86042717623164, 40.83340383352402], [-73.8604271762317, 40.83340383352405], [-73.8604200614785, 40.833393689957894], [-73.86042717623164, 40.83340383352402]], [[-73.85465135558762, 40.83388802720551], [-73.85465135558756, 40.83388802720551], [-73.85450337848319, 40.833903934889065], [-73.85465135558762, 40.83388802720551]], [[-73.85179346648252, 40.83456169815652], [-73.85188599537604, 40.834179420958726], [-73.8528137969654, 40.8340797624032], [-73.85179346648252, 40.83456169815652]], [[-73.85700204833732, 40.8266596772152], [-73.85700204833732, 40.82665967721515], [-73.8567674140237, 40.82670023889386], [-73.85700204833732, 40.8266596772152]], [[-73.85643698769378, 40.82674508080587], [-73.85643698769378, 40.826745080805836], [-73.85636660884643, 40.82675122752046], [-73.85643698769378, 40.82674508080587]], [[-73.85632684631244, 40.82662383509991], [-73.85629023798417, 40.82648153016064], [-73.85626925424077, 40.82639377787633], [-73.85629023798411, 40.826481530160684], [-73.8563268463124, 40.82662383509991], [-73.85635677410309, 40.82675208646263], [-73.85632684631244, 40.82662383509991]], [[-73.856196564677, 40.82604099472385], [-73.85619656467718, 40.82604099472381], [-73.85597162258212, 40.82606387775639], [-73.856196564677, 40.82604099472385]], [[-73.85531220665743, 40.823192430614725], [-73.85588881410436, 40.825673718957766], [-73.85564695973784, 40.824632862054806], [-73.85548601358575, 40.823912145705044], [-73.85531220665743, 40.823192430614725]], [[-73.85531220665743, 40.823192430614725], [-73.85496743171811, 40.821679703616994], [-73.85463736604612, 40.82029981571816], [-73.8541421986906, 40.81823778929231], [-73.8537868122763, 40.816815300440474], [-73.85531220665743, 40.823192430614725]], [[-73.85362025249152, 40.816088386202004], [-73.85362025249141, 40.81608838620202], [-73.8537868122763, 40.816815300440474], [-73.85362025249152, 40.816088386202004]], [[-73.85163543224938, 40.81635918918099], [-73.851144722607, 40.8143965488761], [-73.85092659315514, 40.81433596050732], [-73.85163543224938, 40.81635918918103], [-73.85301704321961, 40.816170686283556], [-73.85163543224938, 40.81635918918099]], [[-73.8507349467341, 40.8143554608329], [-73.85011467720595, 40.81441857423558], [-73.84909719308625, 40.81455052096031], [-73.850114677206, 40.81441857423561], [-73.8507349467341, 40.8143554608329]], [[-73.84663638784004, 40.81303308600106], [-73.84705382007228, 40.8148264696033], [-73.84705382007239, 40.81482646960328], [-73.84663638784004, 40.81303308600101], [-73.8461066032555, 40.81309998920383], [-73.84663638784004, 40.81303308600106]], [[-73.85970333247572, 40.82627734853495], [-73.86067324050317, 40.82841898633674], [-73.86067324050327, 40.82841898633673], [-73.85970333247572, 40.82627734853495]], [[-73.86264225614394, 40.82817014526387], [-73.86085246850575, 40.82839791095325], [-73.86171697448063, 40.82829625387573], [-73.86264225614394, 40.828170145263904], [-73.86366561191583, 40.83269532457095], [-73.86264225614394, 40.82817014526387]], [[-73.85179886470945, 40.84264763293188], [-73.8519841418388, 40.842625718264934], [-73.85167658164701, 40.84266162306011], [-73.85179886470945, 40.84264763293188]], [[-73.84806345327982, 40.84306799865136], [-73.8481852735485, 40.84305263417846], [-73.84804700577061, 40.84308490733207], [-73.84806345327982, 40.84306799865136]], [[-73.84781023331244, 40.84329054800114], [-73.84791050681137, 40.843205643092205], [-73.84749010497097, 40.84356161121126], [-73.84781023331244, 40.84329054800114]], [[-73.84623479939151, 40.844490217803454], [-73.84710875964632, 40.84530593943056], [-73.8477224252749, 40.84583968115672], [-73.84623479939157, 40.844490217803454], [-73.84749010497097, 40.84356161121126], [-73.84623479939151, 40.844490217803454]], [[-73.847884919531, 40.84598898052518], [-73.84788491953104, 40.84598898052514], [-73.8477224252749, 40.84583968115672], [-73.847884919531, 40.84598898052518]], [[-73.8458303669958, 40.84790212610375], [-73.84635095643274, 40.847278903937955], [-73.84681059414794, 40.84685040185704], [-73.8458303669958, 40.84790212610375]], [[-73.84562777121995, 40.848210012022705], [-73.84573989554485, 40.84803458720256], [-73.84552665273215, 40.84839271136491], [-73.84562777121995, 40.848210012022705]], [[-73.84535933324858, 40.8490526195734], [-73.84536658408761, 40.8488271874552], [-73.84534669748642, 40.8494454752372], [-73.84535933324858, 40.8490526195734]], [[-73.844893520173, 40.85015934298176], [-73.84488576358358, 40.8502027254642], [-73.84488576358359, 40.850202725464186], [-73.844893520173, 40.85015934298176]], [[-73.85333524942047, 40.84247015515494], [-73.85309460052504, 40.84104696122283], [-73.85297107932965, 40.84039265024536], [-73.85309460052498, 40.84104696122283], [-73.85333524942047, 40.84247015515494]], [[-73.85220720948385, 40.83634749529944], [-73.8519547902185, 40.83516310250126], [-73.85229519684346, 40.83681691950375], [-73.85220720948385, 40.83634749529944]], [[-73.87107625680427, 40.845450528310366], [-73.87106295186402, 40.845394616679776], [-73.87109671546175, 40.84550518013836], [-73.87107625680427, 40.845450528310366]], [[-73.87586379722458, 40.88176338038694], [-73.87812575139306, 40.88215368597884], [-73.87772817661379, 40.883454195754766], [-73.87760676546058, 40.88452304479258], [-73.87812575139316, 40.88215368597884], [-73.87586379722458, 40.88176338038694]], [[-73.8747924057726, 40.88007512955901], [-73.87470255490281, 40.88155382355611], [-73.87494589600867, 40.87994766996391], [-73.8747924057726, 40.88007512955901]], [[-73.87406751205086, 40.88003890679412], [-73.87335089658986, 40.880107729989014], [-73.87494589600867, 40.87994766996391], [-73.87406751205086, 40.88003890679412]], [[-73.86898070294532, 40.88377178797586], [-73.86905902189974, 40.88361976000267], [-73.86876632494774, 40.88422386016842], [-73.86898070294532, 40.88377178797586]], [[-73.86838653947297, 40.88514080858037], [-73.86807338796443, 40.88607140043693], [-73.86805350471629, 40.88614487906412], [-73.86838653947297, 40.88514080858037]], [[-73.86355915622757, 40.89537701770613], [-73.86355915626552, 40.89537701771825], [-73.86368527749876, 40.89432459751947], [-73.86355915622757, 40.89537701770613]], [[-73.87615114302886, 40.89557548213196], [-73.87572387175247, 40.89562260201677], [-73.87548478456542, 40.895649459209814], [-73.87572387175258, 40.89562260201677], [-73.87615114302886, 40.89557548213196]], [[-73.87048672487636, 40.89664021168233], [-73.87111401073919, 40.896510123612174], [-73.8704867248763, 40.896640211682325], [-73.87048672487636, 40.89664021168233]], [[-73.86534502919336, 40.89582089375956], [-73.86491632411004, 40.895749496035734], [-73.8647808950501, 40.89571541892484], [-73.86491632411, 40.895749496035734], [-73.86534502919336, 40.89582089375956]], [[-73.83849424645771, 40.840699220620905], [-73.83846760701016, 40.84069346378817], [-73.83853821731402, 40.840708720436346], [-73.83849424645771, 40.840699220620905]], [[-73.83768901027604, 40.84081118290567], [-73.83762124147188, 40.84028356682361], [-73.83762124147182, 40.84028356682357], [-73.83768901027604, 40.84081118290567]], [[-73.83768901027604, 40.84081118290567], [-73.8369911414205, 40.84318256327277], [-73.83691933598388, 40.843304553660275], [-73.83768901027604, 40.84081118290567]], [[-73.83474813335299, 40.84350280843435], [-73.8347268701466, 40.84350312422469], [-73.83478857950882, 40.84350162931022], [-73.83474813335299, 40.84350280843435]], [[-73.82870970967898, 40.844373872430936], [-73.82856370452586, 40.84441753442075], [-73.8291840293285, 40.84423203560426], [-73.82870970967898, 40.844373872430936]], [[-73.82580705421631, 40.84288069354549], [-73.82624132843662, 40.84299359414358], [-73.82624132843662, 40.842993594143536], [-73.82580705421631, 40.84288069354549]], [[-73.82580705421631, 40.84288069354549], [-73.82558155449031, 40.842818659897915], [-73.8251799893859, 40.84270005947733], [-73.82580705421631, 40.84288069354549]], [[-73.82048405462835, 40.848501026130556], [-73.82048405462841, 40.84850102613052], [-73.82014043614456, 40.84802059855084], [-73.82048405462835, 40.848501026130556]], [[-73.81820226764013, 40.84831103248052], [-73.81968904665374, 40.84808877631681], [-73.81741727178624, 40.848407614277804], [-73.81820226764013, 40.84831103248052]], [[-73.81630119152041, 40.848572172906294], [-73.81702000138161, 40.84846337973385], [-73.8163011915205, 40.84857217290626], [-73.81630119152041, 40.848572172906294]], [[-73.8258293973309, 40.83473159988549], [-73.82544607330647, 40.83536113037111], [-73.82543088081614, 40.835434992666244], [-73.8258293973309, 40.83473159988549]], [[-73.82556451771919, 40.83430006864262], [-73.82595792478556, 40.834052384364334], [-73.82539495712754, 40.834423915914876], [-73.82556451771919, 40.83430006864262]], [[-73.82515883780727, 40.83461447159582], [-73.82521198081024, 40.83457019931471], [-73.82515883780725, 40.83461447159579], [-73.82515883780727, 40.83461447159582]], [[-73.82309210425781, 40.83442137947603], [-73.82309210425771, 40.83442137947603], [-73.82297895604451, 40.834434056377376], [-73.82309210425781, 40.83442137947603]], [[-73.82258051460713, 40.834478702577385], [-73.82223129938156, 40.83455601268029], [-73.82259377601353, 40.83447721585096], [-73.82258051460713, 40.834478702577385]], [[-73.82612319735877, 40.84177699158535], [-73.82608382033281, 40.84137145739927], [-73.82603173456106, 40.84105701774338], [-73.82608382033276, 40.84137145739927], [-73.82612319735877, 40.84177699158535]], [[-73.82611300556735, 40.84533869376915], [-73.82657840113727, 40.84648372329705], [-73.82672302558235, 40.84669743908745], [-73.82611300556735, 40.84533869376915]], [[-73.8268831093541, 40.84690351467731], [-73.82753392302509, 40.84790914319294], [-73.82672302558235, 40.84669743908745], [-73.8268831093541, 40.84690351467731]], [[-73.82851902047638, 40.860796986640054], [-73.82881978042003, 40.86044911329681], [-73.82947345708074, 40.859644578688574], [-73.82955581617074, 40.85954321000214], [-73.82851902047638, 40.860796986640054]], [[-73.82851902047638, 40.860796986640054], [-73.82841963375456, 40.86093193984273], [-73.82840758909647, 40.860948301200125], [-73.82851902047638, 40.860796986640054]], [[-73.82721769385078, 40.8592065770412], [-73.82718693926007, 40.85921758483462], [-73.82721769385078, 40.85920657704122], [-73.82721769385078, 40.8592065770412]], [[-73.82689404189844, 40.85931217364097], [-73.8255543823873, 40.8597370843211], [-73.82493902572205, 40.859908254455355], [-73.82689404189844, 40.85931217364097]], [[-73.82365309336303, 40.860317848315646], [-73.82448215628119, 40.860046459175656], [-73.82315306198802, 40.860489449403566], [-73.82365309336303, 40.860317848315646]], [[-73.82006494904265, 40.86169883206293], [-73.82072272068497, 40.86137331874657], [-73.82123351273127, 40.86115476116086], [-73.82006494904265, 40.86169883206293]], [[-73.81672995863647, 40.86477690453401], [-73.81699760178167, 40.864459031141834], [-73.81684495841918, 40.86430679330122], [-73.81944375600447, 40.86208095919379], [-73.81672995863647, 40.86477690453401]], [[-73.82329599275971, 40.873097418177096], [-73.82202929262047, 40.87648857180061], [-73.82329599275981, 40.873097418177096], [-73.82126543671284, 40.86907454348972], [-73.81578763977808, 40.86575806143744], [-73.82126543671274, 40.86907454348972], [-73.82329599275971, 40.873097418177096]], [[-73.82005445513154, 40.88211412906771], [-73.82067191044156, 40.88026164840983], [-73.82005445513143, 40.882114129067745], [-73.82023958327838, 40.88549105235241], [-73.82005445513154, 40.88211412906771]], [[-73.82064930852079, 40.88538245972677], [-73.82083208477749, 40.88538798817814], [-73.82023958327838, 40.88549105235241], [-73.82064930852079, 40.88538245972677]], [[-73.83129157639193, 40.85543410585368], [-73.83194455837294, 40.855591356722975], [-73.83071248434152, 40.85549667388007], [-73.83129157639193, 40.85543410585368]], [[-73.83227192370799, 40.855768355741574], [-73.83232100237723, 40.85573601746833], [-73.83194455837294, 40.855591356722975], [-73.83227192370799, 40.855768355741574]], [[-73.82721576554871, 40.8533172092493], [-73.82860197010739, 40.8557178480952], [-73.82908318573364, 40.855676014699554], [-73.83014110636208, 40.85555854217502], [-73.8286019701075, 40.855717848095146], [-73.82721576554871, 40.8533172092493]], [[-73.82742445519185, 40.85099364730646], [-73.82737835678005, 40.852817959668215], [-73.82752813782982, 40.85067449680281], [-73.82742445519185, 40.85099364730646]], [[-73.82776682704043, 40.85000897405499], [-73.82789706860108, 40.8495701398101], [-73.8276977237649, 40.85017764909427], [-73.82776682704043, 40.85000897405499]], [[-73.83088213183896, 40.85794168304405], [-73.83019217366238, 40.85876111567344], [-73.83117384643505, 40.857544777973715], [-73.83088213183896, 40.85794168304405]], [[-73.8324403768443, 40.85639568682311], [-73.83132839390993, 40.85737330663569], [-73.83142991012551, 40.85726549043908], [-73.83154996846521, 40.857137981024046], [-73.8324403768443, 40.85639568682311]], [[-73.83277336712463, 40.856147174661736], [-73.83280469863685, 40.85612379121594], [-73.83269949205362, 40.856202308511584], [-73.83277336712463, 40.856147174661736]], [[-73.83284687983819, 40.85607513143131], [-73.83281265205433, 40.85597971338594], [-73.83236232793647, 40.85578359509105], [-73.83284687983819, 40.85607513143131]], [[-73.83278003296128, 40.86852001622621], [-73.8329653307161, 40.8689117201907], [-73.83276985947685, 40.8684991851645], [-73.83278003296128, 40.86852001622621]], [[-73.83445170633568, 40.87727414171712], [-73.834427139503, 40.87733038674949], [-73.83448319134537, 40.877188155077846], [-73.83445170633568, 40.87727414171712]], [[-73.83411781973034, 40.87798029239238], [-73.83408694920217, 40.87805070514126], [-73.83415398213214, 40.87790933291137], [-73.83411781973034, 40.87798029239238]], [[-73.83339960486047, 40.87915472075554], [-73.83263452115852, 40.88001150882009], [-73.83376910749529, 40.878720128785915], [-73.83339960486047, 40.87915472075554]], [[-73.8314448677522, 40.88110660880208], [-73.8311543638497, 40.881310822834294], [-73.83210583598736, 40.8805467954844], [-73.8314448677522, 40.88110660880208]], [[-73.82841583482804, 40.8829495485453], [-73.8261240361623, 40.884124615365195], [-73.82824951823066, 40.883035497280865], [-73.82841583482804, 40.8829495485453]], [[-73.82526100588376, 40.88509513738509], [-73.8260987482745, 40.88482842791413], [-73.82661159041312, 40.884649244869415], [-73.82609874827462, 40.88482842791409], [-73.82526100588376, 40.88509513738509]], [[-73.82439346306124, 40.885373648172], [-73.82396708881313, 40.885511578215834], [-73.82526100588376, 40.88509513738509], [-73.82439346306124, 40.885373648172]], [[-73.82205817252976, 40.88610821918946], [-73.82191773374547, 40.88612623777766], [-73.82238758090904, 40.88600574243731], [-73.82205817252976, 40.88610821918946]], [[-73.82161327444115, 40.886110999000735], [-73.82161327444125, 40.886110999000735], [-73.82146031168719, 40.88607398690415], [-73.82161327444115, 40.886110999000735]], [[-73.82146031168719, 40.88607398690415], [-73.8209884189956, 40.88575583345553], [-73.82084445302777, 40.88542623063132], [-73.82146031168719, 40.88607398690415]]], [[[-73.9236791931174, 40.87882607399625], [-73.92359172508976, 40.8789521593326], [-73.92363695222997, 40.87881535593184], [-73.9236791931174, 40.87882607399625]]], [[[-73.86268391251231, 40.566505656043674], [-73.86557608357211, 40.56656001470033], [-73.86661089295467, 40.56609386569155], [-73.86630941232441, 40.56554606412505], [-73.8668840105974, 40.566083976778835], [-73.86848694779975, 40.565527010300954], [-73.86825117550175, 40.56506948945982], [-73.86862321827094, 40.565538008775185], [-73.87062214815248, 40.56481330949432], [-73.87027588464699, 40.56417465359755], [-73.87091316206484, 40.56476458551091], [-73.87263971214556, 40.56408418402621], [-73.87237878047488, 40.56357511555652], [-73.87320628036977, 40.564060272247076], [-73.89491817266482, 40.55707879529328], [-73.89551188771007, 40.55741427065245], [-73.89707956116767, 40.55665743308479], [-73.89799514796813, 40.55710213718042], [-73.9005858178681, 40.55642220902446], [-73.90279422679708, 40.55673299509442], [-73.9065857492389, 40.55571062537718], [-73.94047161197727, 40.54286312131318], [-73.94073545513277, 40.541833959950644], [-73.94027356469854, 40.55240827326648], [-73.93925409755049, 40.55498011012383], [-73.93589836253602, 40.55711475713288], [-73.93222204028586, 40.55767634195955], [-73.93167191793864, 40.55684931686538], [-73.93222204028586, 40.5576763419596], [-73.9261572327542, 40.561552609723265], [-73.91766081900091, 40.562826149686664], [-73.91188319662926, 40.56499040574152], [-73.91216181893196, 40.565836252070895], [-73.91197024752503, 40.56586941753265], [-73.91185809029383, 40.564995438003514], [-73.91003762905707, 40.56479371110469], [-73.90977170611873, 40.565305405307726], [-73.90971684925964, 40.565287425461364], [-73.90976258371062, 40.56428483692782], [-73.90791915959979, 40.56414844029451], [-73.90798575988418, 40.563442441255724], [-73.90664724121194, 40.56278591383924], [-73.90287143330141, 40.56351486370372], [-73.90161118167697, 40.562751449871925], [-73.8961326244522, 40.56535842806963], [-73.8953372502714, 40.566332099868525], [-73.8956717433513, 40.567031643659234], [-73.8926101344553, 40.56858724778945], [-73.88911103072223, 40.56791623669109], [-73.88430973105274, 40.568696119538856], [-73.88488707058815, 40.568470205668284], [-73.8842987608294, 40.56843680205324], [-73.88445975335672, 40.567892836256505], [-73.88379103703097, 40.56812391132478], [-73.88402340092395, 40.568503115611016], [-73.88357670672809, 40.56820976925187], [-73.88390427884407, 40.56890620425947], [-73.88336927316276, 40.56833185924852], [-73.87780808929831, 40.568800630062576], [-73.8504438514919, 40.58213024358158], [-73.84520566344908, 40.58157985654801], [-73.83935385899039, 40.58185726280565], [-73.83855306451112, 40.58279171429944], [-73.8358408009729, 40.58287893986489], [-73.82852471261471, 40.584854219377384], [-73.8280365363424, 40.58605288647553], [-73.82481333907114, 40.58715132203617], [-73.82293688631506, 40.58749164972767], [-73.82145971925844, 40.586769924920404], [-73.81741586147426, 40.58891701410987], [-73.8176380045051, 40.58928579948538], [-73.81363221410687, 40.59079363240052], [-73.81358856612626, 40.59169768582372], [-73.81323474432585, 40.591070740017855], [-73.81170344836342, 40.59159374663815], [-73.81149423586001, 40.59290132619445], [-73.8113346362302, 40.59174462368268], [-73.81081791874632, 40.59209026869623], [-73.81138593152033, 40.59244231845475], [-73.811407512273, 40.59287125673631], [-73.81107287021051, 40.59302233057227], [-73.81135829315778, 40.59246258404517], [-73.81080537904415, 40.59209209573534], [-73.80989929847284, 40.592270954388226], [-73.80961196378863, 40.59357698426387], [-73.80602807459842, 40.59200930900474], [-73.80574947643368, 40.590758009797405], [-73.80582389773117, 40.5918893251901], [-73.80433925402961, 40.59131075815629], [-73.80416569103024, 40.59185470983296], [-73.80781870474202, 40.59336543783759], [-73.80797687598292, 40.59416141594834], [-73.80711253952029, 40.59528407542448], [-73.8060414980724, 40.59555455571632], [-73.80411459954799, 40.59431916995098], [-73.80380902231202, 40.59289116392555], [-73.8024384629031, 40.59264006383529], [-73.80250965087272, 40.59394812804169], [-73.80313503440571, 40.59375794357399], [-73.80318082190749, 40.59394537863372], [-73.8025683760107, 40.5942722669944], [-73.80324253171146, 40.59408723936306], [-73.80328793893025, 40.59428211589189], [-73.80234513845657, 40.59449597525708], [-73.803440170413, 40.594434209679605], [-73.80321494251405, 40.59514564794825], [-73.8039084226487, 40.59500481333239], [-73.8033145372936, 40.59517956093453], [-73.80511185479762, 40.59715104850087], [-73.80297943325748, 40.59884430455319], [-73.79233121548148, 40.59996928119776], [-73.7878557488172, 40.60311334463552], [-73.78635332723684, 40.60319465970711], [-73.78792994192816, 40.600995302548746], [-73.7903337891334, 40.59919828484301], [-73.79124272166956, 40.59662652165146], [-73.79086292380035, 40.59501313726158], [-73.79042048230902, 40.59475269500848], [-73.79057004195879, 40.59495180080256], [-73.7908062614152, 40.59609339638703], [-73.79059442974024, 40.596108384773], [-73.79015263648805, 40.59476820227299], [-73.79042481472435, 40.596053931651504], [-73.79017830001158, 40.5960713202072], [-73.78975503448096, 40.59473724980686], [-73.78999909439095, 40.59620894350346], [-73.78940242709815, 40.59494978602648], [-73.78906829121502, 40.59801992738281], [-73.78350560905145, 40.60256343924549], [-73.78312802340122, 40.60376099184688], [-73.78394764971192, 40.60482442511702], [-73.7836669629257, 40.60532443592932], [-73.77856806939954, 40.609643663429175], [-73.77535164745716, 40.6097374069645], [-73.77422234411387, 40.60889323163547], [-73.77481441008918, 40.60839956311252], [-73.77421737753347, 40.607636638971606], [-73.77460294599074, 40.607417648882716], [-73.77484886546655, 40.60802483265733], [-73.77523851986172, 40.608550943000495], [-73.77600772152827, 40.609190754248324], [-73.77459009469831, 40.607297656090445], [-73.77518711261325, 40.60450025631871], [-73.77468798964463, 40.60432464889197], [-73.7758814058216, 40.603471681753604], [-73.77568814362705, 40.60281474067073], [-73.77836872940462, 40.600838780413035], [-73.77818086978304, 40.60038554108597], [-73.78010900085108, 40.600727429033945], [-73.78190680941374, 40.59911416533905], [-73.7813297399812, 40.5977530374471], [-73.78005719891783, 40.596877499102824], [-73.77742174678883, 40.59881240435897], [-73.77600163762877, 40.60139432440588], [-73.77497207265853, 40.60174448709038], [-73.77448133964758, 40.60098770385091], [-73.7747472465565, 40.60094979101227], [-73.77476381099359, 40.60084578654363], [-73.77476313095347, 40.60083174488366], [-73.77472992994242, 40.60071525707809], [-73.77411553807886, 40.59986693708535], [-73.77422338457492, 40.599005218743244], [-73.77356870587761, 40.59811055751512], [-73.76812285376324, 40.59782435947493], [-73.77116052436337, 40.599422452073945], [-73.77018588274095, 40.602748823325264], [-73.77056521407833, 40.604840409251054], [-73.76900078034781, 40.60939155348761], [-73.77223450234517, 40.61150167675047], [-73.77340389078988, 40.61109044877924], [-73.77296895866229, 40.61015697211637], [-73.77417180166559, 40.61182871477219], [-73.77338597995156, 40.613675066085655], [-73.76691496740875, 40.614291006501745], [-73.76530079785114, 40.61382283108843], [-73.76505961679173, 40.612035230610616], [-73.76229944090608, 40.61135920554352], [-73.76172413788703, 40.61184724326046], [-73.76023635756977, 40.61082086495047], [-73.76178242960425, 40.60915167055724], [-73.76155051905893, 40.60903136580099], [-73.75998446975024, 40.61087937734433], [-73.75949119833386, 40.61081579591104], [-73.75972099041094, 40.61015159762002], [-73.7556068472615, 40.61007736522709], [-73.75587412912142, 40.61038518505498], [-73.75499501085291, 40.61013220851767], [-73.74799307229321, 40.612310157966064], [-73.74685538892268, 40.61157410055949], [-73.7457615004659, 40.61199165524858], [-73.7433973152214, 40.60747217106679], [-73.7382259772783, 40.60256602821522], [-73.73835617570401, 40.59760047830432], [-73.73871968076703, 40.59694881782919], [-73.73978860752756, 40.597144729006274], [-73.74030905351361, 40.59618693954056], [-73.74064384244886, 40.59700119865698], [-73.74183083519186, 40.59669555137059], [-73.74052059823872, 40.59657185597832], [-73.74054701362398, 40.596119685718136], [-73.73992792985001, 40.59606158731352], [-73.7397963402914, 40.59688267512553], [-73.73894690694297, 40.59676316592452], [-73.73838360335252, 40.597117408562426], [-73.73798981780982, 40.594556043243685], [-73.73848743971777, 40.594352263491025], [-73.74222603097073, 40.594905883324444], [-73.74662917813188, 40.5943014935594], [-73.75175270373498, 40.59128434821474], [-73.75386804817803, 40.590916474136925], [-73.76134311678145, 40.59172663435317], [-73.76964468972831, 40.59076871274092], [-73.76976574881712, 40.59148951937816], [-73.76964469049737, 40.5907687127425], [-73.77013800319591, 40.59066515964942], [-73.78043036102055, 40.58959662092669], [-73.78878406873122, 40.58745028886744], [-73.81352448727559, 40.58347314904693], [-73.8338692317217, 40.57764989760918], [-73.86255286029154, 40.566810012301005], [-73.86300812801993, 40.567318762569194], [-73.86268391251231, 40.566505656043674]], [[-73.86278001021823, 40.575898561451346], [-73.86275061444641, 40.575857984980566], [-73.86280361861053, 40.57593303476397], [-73.86278001021823, 40.575898561451346]], [[-73.86396641925973, 40.575026786720294], [-73.86394267787972, 40.5749881089929], [-73.86377829061485, 40.57512513560171], [-73.86396641925973, 40.575026786720294]], [[-73.86334740002482, 40.57402123244791], [-73.86361132886364, 40.573823057520556], [-73.86394267787972, 40.5749881089929], [-73.86334740002482, 40.57402123244791]], [[-73.86449302823381, 40.57354277575841], [-73.86449302823378, 40.57354277575836], [-73.86361132886364, 40.573823057520556], [-73.86449302823381, 40.57354277575841]], [[-73.86668359874169, 40.57298832953369], [-73.8663383623204, 40.57238167501422], [-73.86522555368754, 40.5704584734985], [-73.86454176023068, 40.569242922955695], [-73.86448222038075, 40.5691630941988], [-73.86454176023057, 40.569242922955695], [-73.86522555368747, 40.57045847349853], [-73.86668359874157, 40.57298832953373], [-73.86601241283253, 40.57321141179652], [-73.86668359874169, 40.57298832953369]], [[-73.8644663277925, 40.56914178602342], [-73.86424143231993, 40.569229977493684], [-73.86446632779253, 40.569141786023465], [-73.8644663277925, 40.56914178602342]], [[-73.86316930125443, 40.567739273255235], [-73.86311332309963, 40.56764220451718], [-73.86406802236603, 40.56929797921293], [-73.86316930125443, 40.567739273255235]], [[-73.92909878189855, 40.5530934450982], [-73.92982291841865, 40.55407486354021], [-73.93042485334529, 40.555583318674685], [-73.93118650863462, 40.55701583182938], [-73.92909878189855, 40.5530934450982]], [[-73.92825926895671, 40.553367989407846], [-73.92792093156693, 40.55342106839661], [-73.92909878189855, 40.5530934450982], [-73.92825926895671, 40.553367989407846]], [[-73.92691713434134, 40.55367591667886], [-73.92691713434134, 40.55367591667882], [-73.92643642635298, 40.553862215121775], [-73.92691713434134, 40.55367591667886]], [[-73.92643642635298, 40.553862215121775], [-73.92550274632154, 40.55414998079274], [-73.92502471511197, 40.55429114267424], [-73.92643642635298, 40.553862215121775]], [[-73.9246128072479, 40.55441277715798], [-73.92444066993576, 40.554469308388946], [-73.92502471511197, 40.55429114267424], [-73.9246128072479, 40.55441277715798]], [[-73.9237503462073, 40.554696007939235], [-73.9237503462073, 40.55469600793919], [-73.92252444360992, 40.555029213656255], [-73.9237503462073, 40.554696007939235]], [[-73.92175559974001, 40.55547302182776], [-73.92175559973995, 40.55547302182771], [-73.92098631305944, 40.55627509443784], [-73.92175559974001, 40.55547302182776]], [[-73.92020649775885, 40.556280193171744], [-73.91968035188876, 40.55628260908463], [-73.92047123774748, 40.55627700741176], [-73.92020649775885, 40.556280193171744]], [[-73.91865247329795, 40.55630065132308], [-73.91865247329791, 40.55630065132304], [-73.9184003171684, 40.556305858093964], [-73.91865247329795, 40.55630065132308]], [[-73.9178682270888, 40.556316042170955], [-73.9178682270889, 40.55631604217092], [-73.91758221307921, 40.556320358966474], [-73.9178682270888, 40.556316042170955]], [[-73.91734726660526, 40.55632599715215], [-73.91675190919196, 40.556345427846935], [-73.91754120279589, 40.55632118390736], [-73.91734726660526, 40.55632599715215]], [[-73.91644514964449, 40.55635491859949], [-73.91644514964443, 40.55635491859946], [-73.91570414097431, 40.556385091454885], [-73.91644514964449, 40.55635491859949]], [[-73.91542052080318, 40.556396294812075], [-73.91542052080318, 40.55639629481204], [-73.9152021371294, 40.55640491956225], [-73.91542052080318, 40.556396294812075]], [[-73.91413092245301, 40.556447243300674], [-73.91316528115104, 40.55634321413972], [-73.91434589906726, 40.55643875108106], [-73.91413092245301, 40.556447243300674]], [[-73.90988945776235, 40.556673070095826], [-73.90988945776235, 40.55667307009587], [-73.91316528115104, 40.55634321413972], [-73.90988945776235, 40.556673070095826]], [[-73.90990414015944, 40.55687764565857], [-73.90990414015938, 40.55687764565857], [-73.90989598216392, 40.55690507989055], [-73.90990414015944, 40.55687764565857]], [[-73.90876797881077, 40.560748438873304], [-73.91003444947209, 40.56077265784206], [-73.91009424308554, 40.56077236762698], [-73.91003444947215, 40.560772657842016], [-73.90897501489047, 40.56075096794448], [-73.90876797881077, 40.560748438873304]], [[-73.90835395747922, 40.560754481091806], [-73.90835395747938, 40.56075448109175], [-73.90820730290612, 40.56077496212275], [-73.90835395747922, 40.560754481091806]], [[-73.90723921759778, 40.560944315548106], [-73.90790896535886, 40.56081996748952], [-73.90678659943009, 40.561048894652515], [-73.90723921759778, 40.560944315548106]], [[-73.90602480827977, 40.561225709081285], [-73.90333022874579, 40.56184661676776], [-73.90266480603375, 40.56202950194193], [-73.90333022874567, 40.561846616767816], [-73.90602480827977, 40.561225709081285]], [[-73.89450320534486, 40.564304836663496], [-73.89127011390461, 40.565216670132465], [-73.89149743252499, 40.565153036463336], [-73.8943470676148, 40.564348899896764], [-73.89450320534486, 40.564304836663496]], [[-73.88957035227396, 40.56569042745056], [-73.8895703522739, 40.56569042745056], [-73.88931624119982, 40.56576047577002], [-73.88957035227396, 40.56569042745056]], [[-73.8866055650249, 40.56650876409734], [-73.886605565025, 40.56650876409731], [-73.88583037215122, 40.56672211320431], [-73.8866055650249, 40.56650876409734]], [[-73.88536860194972, 40.56685701185266], [-73.88444436624434, 40.567124208012686], [-73.88583037215122, 40.56672211320431], [-73.88536860194972, 40.56685701185266]], [[-73.88275680158247, 40.567569862123584], [-73.88301123670617, 40.56752208164636], [-73.88275680158246, 40.567569862123555], [-73.88275680158247, 40.567569862123584]], [[-73.88280654394718, 40.567668448211194], [-73.88280654394714, 40.56766844821114], [-73.8828456481312, 40.56775429550632], [-73.88280654394718, 40.567668448211194]], [[-73.7706615717626, 40.59600199888131], [-73.77332551321807, 40.595787073267246], [-73.77232715805607, 40.595822883798284], [-73.7714945310894, 40.59591070748603], [-73.7706615717626, 40.59600199888131]], [[-73.77280826886312, 40.59407391602836], [-73.77367461840043, 40.59389311562729], [-73.77280826886312, 40.59407391602834], [-73.77280826886312, 40.59407391602836]], [[-73.77271910169638, 40.59336630926105], [-73.77271910169634, 40.59336630926099], [-73.77275336255589, 40.593638194271485], [-73.77271910169638, 40.59336630926105]], [[-73.77248336711891, 40.59315571283479], [-73.772483367119, 40.593155712834815], [-73.77260569218521, 40.59313747117317], [-73.77248336711891, 40.59315571283479]], [[-73.77184383507667, 40.59329174402453], [-73.77184383507672, 40.59329174402453], [-73.7719487421264, 40.59326598867617], [-73.77184383507667, 40.59329174402453]], [[-73.77133161715982, 40.59344450032816], [-73.77114963017974, 40.593513973516295], [-73.77135050217362, 40.593438046591885], [-73.77133161715982, 40.59344450032816]], [[-73.77093596959723, 40.59360265014243], [-73.77093596959729, 40.59360265014245], [-73.77100753957262, 40.59357257820576], [-73.77093596959723, 40.59360265014243]], [[-73.7706442302818, 40.59374051023595], [-73.77039177300905, 40.59387828980026], [-73.77071571916552, 40.593705428166025], [-73.7706442302818, 40.59374051023595]]], [[[-73.88817639326317, 40.64680857820603], [-73.88864283734009, 40.64718534810436], [-73.88846254740234, 40.647363205697964], [-73.88817639326317, 40.64680857820603]]], [[[-73.87368942667511, 40.78575465277621], [-73.87830679991396, 40.78535662117804], [-73.88905212355026, 40.78737256025746], [-73.89030135498923, 40.78987672733488], [-73.89218182984825, 40.79039427027926], [-73.89282283610926, 40.792817081951654], [-73.89179289686568, 40.79677524575884], [-73.89083042169382, 40.79800740657987], [-73.88886162194008, 40.79787305689609], [-73.88831097224373, 40.79818418537036], [-73.88897708980052, 40.79875053085976], [-73.88821348851359, 40.79866530413621], [-73.88375741590156, 40.795708565420014], [-73.8783743781276, 40.79452080676742], [-73.87288457445655, 40.79145210820734], [-73.87123092167869, 40.79006873225213], [-73.87078728206474, 40.78796249330999], [-73.8716306530724, 40.78679790584252], [-73.87368942667511, 40.78575465277621]]], [[[-73.8978825324018, 40.79711653214722], [-73.89678526341311, 40.79632916598472], [-73.89693872998708, 40.795635873356325], [-73.89919434249981, 40.79650245601842], [-73.8978825324018, 40.79711653214722]]], [[[-73.90003735815661, 40.80090874255298], [-73.89833036270552, 40.80241282094024], [-73.89646668834577, 40.80079047089154], [-73.89864038714995, 40.79910116462153], [-73.90021004993142, 40.79926415589619], [-73.90003735815661, 40.80090874255298]]], [[[-73.86896292210412, 40.58169379478879], [-73.8705059791835, 40.58334195301393], [-73.87115922675414, 40.58687388796749], [-73.86981356482006, 40.589460927291036], [-73.86635052164085, 40.59189267656495], [-73.86327273492715, 40.590908076195376], [-73.86125299377363, 40.58798808592135], [-73.86192220398922, 40.585668547220564], [-73.86327471071941, 40.583876848532036], [-73.86772796903779, 40.581663408926474], [-73.86896292210412, 40.58169379478879]]], [[[-73.86952707548932, 40.598713750354676], [-73.86967070711498, 40.59668856362231], [-73.87020899836229, 40.596954232789564], [-73.86952707548932, 40.598713750354676]]], [[[-73.85595300562031, 40.59618887618987], [-73.86044420534076, 40.596471905596545], [-73.86328663134245, 40.599810041660845], [-73.86297506260962, 40.60101827261578], [-73.86078169166855, 40.602608400256514], [-73.85482595782858, 40.601867195856414], [-73.85276838155826, 40.60094885402611], [-73.85076748001559, 40.59883944383751], [-73.852690293517, 40.59717075096604], [-73.85595300562031, 40.59618887618987]]], [[[-73.87108141811476, 40.5989011474703], [-73.87049411914771, 40.60260444620478], [-73.87019491489939, 40.59899640590207], [-73.87108141811476, 40.5989011474703]]], [[[-73.8670260728693, 40.60417158451098], [-73.8676819415421, 40.60307076667753], [-73.86830808464808, 40.6031391601412], [-73.86793505306852, 40.6039611349498], [-73.8670260728693, 40.60417158451098]]], [[[-73.8478624837862, 40.60470270632697], [-73.84608059037764, 40.60454459433979], [-73.84641368109908, 40.604187416605974], [-73.84578322472234, 40.6048216148848], [-73.84445489982676, 40.60468732892302], [-73.8455928857646, 40.603518039121624], [-73.84666632133099, 40.604177895845446], [-73.84664588345677, 40.60458076235357], [-73.8478624837862, 40.60470270632697]]], [[[-73.84827473391273, 40.605163695371196], [-73.84795277186736, 40.60535499863198], [-73.84783682255852, 40.60508497088708], [-73.84827473391273, 40.605163695371196]]], [[[-73.84850954890608, 40.60596354939903], [-73.84825600919838, 40.605784829413395], [-73.84871964443143, 40.60589027825644], [-73.84850954890608, 40.60596354939903]]], [[[-73.87103870111612, 40.609723583029336], [-73.86966442958492, 40.60654012341308], [-73.87109330768071, 40.60469417399489], [-73.87105656646135, 40.606285088494445], [-73.8724557981178, 40.60818553085132], [-73.87300122724774, 40.610555458460055], [-73.87103870111612, 40.609723583029336]]], [[[-73.86874317559169, 40.60703517927944], [-73.86868468826752, 40.60824115818402], [-73.86702399475149, 40.608068178769614], [-73.86874317559169, 40.60703517927944]]], [[[-73.85019216713022, 40.61219735541616], [-73.84955237617567, 40.6115058956356], [-73.84949618368013, 40.61032940806137], [-73.850093297634, 40.610162119378714], [-73.84942148819655, 40.609822060411936], [-73.85134775126456, 40.60926678729025], [-73.85324221059085, 40.607730656128766], [-73.85445878451026, 40.607895794207195], [-73.85362640653464, 40.607264709614704], [-73.85506642640645, 40.60745986893317], [-73.85480344786887, 40.60859621030309], [-73.8565999931529, 40.61083447295431], [-73.85541694900814, 40.610115339930296], [-73.85196381218927, 40.61024365868905], [-73.85265329597192, 40.61117386911124], [-73.8517227510035, 40.61094984741748], [-73.8517403353407, 40.61156891323597], [-73.85019216713022, 40.61219735541616]]], [[[-73.85024804081155, 40.623584831075775], [-73.84847349035222, 40.622319057447925], [-73.85085107926835, 40.62024715775812], [-73.85655155624839, 40.619567321995426], [-73.85676349057182, 40.62040565840397], [-73.85740170805083, 40.62030367463139], [-73.85656816105036, 40.62147874841106], [-73.85517130927292, 40.621959337739476], [-73.8545115586453, 40.620795739308036], [-73.85185329658592, 40.6205651937826], [-73.8512929295495, 40.621836514431], [-73.85233613504894, 40.62300921917031], [-73.85024804081155, 40.623584831075775]]], [[[-73.8668486744204, 40.617809314108094], [-73.87395306206885, 40.6158394157332], [-73.87862188757214, 40.615935378690615], [-73.87972389608197, 40.61695959268169], [-73.87973527002059, 40.618926144658225], [-73.8785082210813, 40.62101643402974], [-73.87481386865049, 40.62358718918384], [-73.86645483989277, 40.62825538680653], [-73.86547078433091, 40.627935955695655], [-73.86472766045325, 40.626525542416324], [-73.86650860322545, 40.623754008018146], [-73.86493256071851, 40.621114958382464], [-73.86550389231374, 40.61891037520183], [-73.8668486744204, 40.617809314108094]]], [[[-73.8619695801797, 40.62427301952232], [-73.86303876770799, 40.623302991769556], [-73.86377739100126, 40.6239514070558], [-73.8619695801797, 40.62427301952232]]], [[[-73.8578413390382, 40.62519091321788], [-73.85732909539641, 40.62511698058467], [-73.85787355686043, 40.62482078899931], [-73.8578413390382, 40.62519091321788]]], [[[-73.84831449881261, 40.62854113899824], [-73.84812593674191, 40.62884044530816], [-73.84805350490112, 40.62867358749055], [-73.84831449881261, 40.62854113899824]]], [[[-73.84843990395647, 40.63056409012844], [-73.84868437801416, 40.63045904066404], [-73.84870393630851, 40.63060567124427], [-73.84843990395647, 40.63056409012844]]], [[[-73.85297464468346, 40.631821649943916], [-73.85181750409191, 40.630559386734404], [-73.85366230503467, 40.63087608351621], [-73.85660189803205, 40.62984297595563], [-73.8585583634798, 40.63045828819579], [-73.85758486742982, 40.63271617553656], [-73.85535471774617, 40.6328122591022], [-73.85419908409709, 40.633761104677625], [-73.8523716891286, 40.633588674890355], [-73.85297464468346, 40.631821649943916]]], [[[-73.8466374641292, 40.63516867318622], [-73.8478265350584, 40.63277973665531], [-73.85002470203288, 40.632144932726746], [-73.84988187629615, 40.63409658421202], [-73.84827983562069, 40.63747156090536], [-73.84667914840219, 40.6387317117573], [-73.84427265333285, 40.63669234643232], [-73.84501804134962, 40.63568082143156], [-73.8466374641292, 40.63516867318622]]], [[[-73.8264889691395, 40.590256934004515], [-73.82761177775603, 40.589982791566946], [-73.82729997188068, 40.5914571455402], [-73.82548333523174, 40.591973386213795], [-73.8263721615121, 40.59139341490277], [-73.8264889691395, 40.590256934004515]]], [[[-73.83357376062695, 40.58903517184931], [-73.83687949970036, 40.58952025600554], [-73.83880085144699, 40.591197765370424], [-73.83839527303603, 40.590391752547504], [-73.84179835295112, 40.59200759565003], [-73.84336470419666, 40.593470143366424], [-73.84350065697967, 40.59508410975606], [-73.84056972163728, 40.597300702794335], [-73.83745833480359, 40.596862867340576], [-73.83476026614608, 40.59394429399912], [-73.83193277255799, 40.59344779692433], [-73.83116882644556, 40.59148814481197], [-73.83357376062695, 40.58903517184931]]], [[[-73.82376612281246, 40.6000400708211], [-73.82146921711329, 40.60002409942545], [-73.82443643762218, 40.60034498435496], [-73.824452180088, 40.60079696319124], [-73.8229448458644, 40.602582910135794], [-73.82246746702332, 40.60552498332545], [-73.8229046322365, 40.60585127742741], [-73.82126470254788, 40.60700285091189], [-73.82003243497508, 40.60892365676265], [-73.81961795362014, 40.61047904156711], [-73.82057595304474, 40.61223314138197], [-73.82128420986953, 40.61109692878273], [-73.82055813585616, 40.609952109465205], [-73.82161459957231, 40.608480319225905], [-73.8218620517526, 40.60986921307026], [-73.82289233260502, 40.61033702269547], [-73.8255575899775, 40.614132105213514], [-73.8272563663286, 40.613378714627274], [-73.82787525471664, 40.613697629101175], [-73.82750222609408, 40.61420466722297], [-73.83054575286044, 40.61493306027821], [-73.83434168122305, 40.61436543719755], [-73.83779167484144, 40.615559650343066], [-73.83503079738604, 40.617624613183224], [-73.83553327031731, 40.61993763183796], [-73.83488922611751, 40.619606857057974], [-73.83531201853636, 40.62014537080893], [-73.83490436791962, 40.620469378562085], [-73.83439058638038, 40.619853601887186], [-73.8338007558105, 40.61964562018715], [-73.83447330392707, 40.62012184715354], [-73.83370152195165, 40.620978601845955], [-73.83380776526593, 40.61877010256725], [-73.83370152118083, 40.62097860234742], [-73.83158798714337, 40.62203280792532], [-73.83267659705902, 40.62186372996045], [-73.8327402318547, 40.62253938385211], [-73.83047065288333, 40.62234191450857], [-73.8291880922338, 40.624200612855745], [-73.8301132480132, 40.62382876065499], [-73.83041434354294, 40.62263207389433], [-73.83087816625292, 40.62286162045542], [-73.83060452993823, 40.62325556641176], [-73.8304615157621, 40.62407222103477], [-73.83109518037863, 40.622928837873296], [-73.83213427171916, 40.62317682822493], [-73.83096500894166, 40.624576129016575], [-73.83134486557041, 40.625006488972424], [-73.83062761781223, 40.62617762365351], [-73.83082381413601, 40.62681145240557], [-73.83230301430359, 40.627078757910446], [-73.832396298346, 40.62785756240729], [-73.83228937353509, 40.6281337074823], [-73.83184982160854, 40.62812469320538], [-73.83159273592062, 40.62838945428956], [-73.83171251390782, 40.62882780483931], [-73.8318863203069, 40.628177774355166], [-73.83262605056804, 40.62826537176936], [-73.83305544583928, 40.62794224920345], [-73.83114086417383, 40.63274939532614], [-73.83340607979225, 40.638501355899244], [-73.83289974361324, 40.638862684564415], [-73.83221658819181, 40.638928490220955], [-73.82808567353285, 40.63587972683679], [-73.82591657949192, 40.63574741304011], [-73.82443032497304, 40.636216520035724], [-73.82419331921291, 40.639954072163256], [-73.82337592129475, 40.63898765539522], [-73.8206721594249, 40.62891486142964], [-73.82010003490933, 40.62781703564097], [-73.81825637269327, 40.62699602275209], [-73.81788868031326, 40.62590844964114], [-73.81623096121099, 40.62468982584848], [-73.81675264711568, 40.623948497825864], [-73.81795284720685, 40.62409328011756], [-73.81866204286588, 40.62288315669565], [-73.81757890289501, 40.621756160375135], [-73.81620712114656, 40.62208787775467], [-73.8153871909272, 40.6214977796409], [-73.81543174704281, 40.62011653124242], [-73.81744426111263, 40.61891175490671], [-73.81775726750763, 40.617307148815954], [-73.81711893622064, 40.61528219284823], [-73.81623366618496, 40.61423104686787], [-73.81408062432786, 40.61455840973904], [-73.81549526560387, 40.614039815969804], [-73.81503638428488, 40.61297621441866], [-73.81615626632366, 40.6129421160126], [-73.81540366189684, 40.61038480251824], [-73.81450261566708, 40.61105847350561], [-73.81520720733033, 40.60981673359249], [-73.81486539790258, 40.608020599486395], [-73.81552816656146, 40.606163070614315], [-73.81642529922753, 40.605224124746755], [-73.81739192062611, 40.60515812403505], [-73.81849065988742, 40.59938955997991], [-73.82067265991692, 40.5951957066738], [-73.8212003529704, 40.594712294941374], [-73.82547793497939, 40.59508065825455], [-73.8332174410616, 40.59421758789017], [-73.83472137080778, 40.595055510818625], [-73.83439599940999, 40.59646400037025], [-73.83239364453553, 40.59780335388515], [-73.83062852047021, 40.59743342622508], [-73.82948341735194, 40.59813394240406], [-73.82806159587514, 40.5976804026477], [-73.82597985888596, 40.599472067191684], [-73.8246542059697, 40.59814924787461], [-73.82376612281246, 40.6000400708211]]], [[[-73.81005295429873, 40.59982386412323], [-73.81157550345664, 40.59814119875712], [-73.81222073287898, 40.598553907975344], [-73.81501471568703, 40.60205629055863], [-73.81480117749582, 40.60408034333366], [-73.81320862328825, 40.60435543908457], [-73.81016958819596, 40.60279976304262], [-73.81005295429873, 40.59982386412323]]], [[[-73.80085479651882, 40.60663504520579], [-73.7979273649872, 40.60657940538837], [-73.79840918708116, 40.606009968258064], [-73.79826575424987, 40.60549019609661], [-73.79867707846256, 40.60570368346443], [-73.80010928078991, 40.6053188663213], [-73.79870714092648, 40.605621108231944], [-73.7978155749734, 40.60513100835849], [-73.79803735364777, 40.60483703790141], [-73.7987685918107, 40.605015969149335], [-73.7999379460777, 40.60461003690293], [-73.80020559080272, 40.60483462980628], [-73.80048632023508, 40.60476281828105], [-73.80004650162772, 40.60456168230058], [-73.79790083724998, 40.60472008615432], [-73.79766326029701, 40.60530838892538], [-73.79821561992743, 40.60593629724356], [-73.79766143422341, 40.6063577559058], [-73.79634761133799, 40.60578800285362], [-73.79669375994601, 40.6051059232588], [-73.79611452288293, 40.60469396320254], [-73.79731901178185, 40.60406667887668], [-73.80381183234223, 40.60436099741666], [-73.80337740487869, 40.604698932963736], [-73.80393554554064, 40.60564374180608], [-73.80314302033038, 40.606366935435574], [-73.80181702266873, 40.6064229530483], [-73.80077334601931, 40.60707629575054], [-73.80099698107293, 40.60659087556503], [-73.80064444884157, 40.60632931621978], [-73.80103373658132, 40.606479896652125], [-73.80107400950284, 40.6064105651051], [-73.800695724773, 40.606235019046004], [-73.80033863924557, 40.606278815696925], [-73.80085479651882, 40.60663504520579]]], [[[-73.83574068298688, 40.60577064017835], [-73.83213242178532, 40.60951893129899], [-73.83005617447249, 40.607924796435675], [-73.82980258552489, 40.60653828702266], [-73.83112676934216, 40.60524658046801], [-73.83438032360009, 40.605152218987044], [-73.83574068298688, 40.60577064017835]]], [[[-73.8276049781922, 40.60936929070361], [-73.82581355251645, 40.608917723174855], [-73.82576814632948, 40.60785387411046], [-73.82679109718643, 40.60790969086307], [-73.82566738192862, 40.607786224920865], [-73.82460558197688, 40.60473563330289], [-73.82908602632823, 40.60582096635413], [-73.82925713338388, 40.607060885748886], [-73.82707969381761, 40.60833308436152], [-73.8276049781922, 40.60936929070361]]], [[[-73.79600863317751, 40.608217360788714], [-73.79649507360458, 40.60722927122439], [-73.79581987999774, 40.60813392013506], [-73.79551694367544, 40.607354962798276], [-73.79527814038407, 40.605814321533884], [-73.79572698954176, 40.60523061374934], [-73.79570141764704, 40.606460525121975], [-73.80052617654209, 40.60722633865083], [-73.80401493337446, 40.60613150017502], [-73.80308415747787, 40.60746513217984], [-73.80099421230568, 40.6086720979108], [-73.79665699659022, 40.60896091507148], [-73.79600863317751, 40.608217360788714]]], [[[-73.82951826810499, 40.60726140777805], [-73.8295952958597, 40.60732773479117], [-73.82952414988597, 40.607339324343116], [-73.82951826810499, 40.60726140777805]]], [[[-73.84462997073106, 40.613900079001034], [-73.84183657852411, 40.61268815355183], [-73.84157790018386, 40.61182572754677], [-73.84067468895365, 40.61144632263991], [-73.8398020218308, 40.61236165904059], [-73.83871375352213, 40.611994798841614], [-73.83879592263347, 40.61279609409057], [-73.83817706043442, 40.61308044415503], [-73.83623621146766, 40.61227010691594], [-73.838870804496, 40.607905798040186], [-73.84004319827396, 40.60823431658365], [-73.84009612003514, 40.60896186246713], [-73.84049656815482, 40.60855541941693], [-73.83935927868202, 40.607614852162705], [-73.84136277623473, 40.60679402251721], [-73.84041971570521, 40.605770911346724], [-73.84122845055661, 40.605527889077045], [-73.84148878849295, 40.60449846406891], [-73.84442729340415, 40.60415636984209], [-73.84193617824408, 40.60492999800377], [-73.84338248378477, 40.60498645851542], [-73.84390053212167, 40.606416467895514], [-73.84360600408505, 40.6047015428746], [-73.84406885474431, 40.6045611636767], [-73.84460595498571, 40.60503618991693], [-73.84469167552471, 40.60614513871131], [-73.84411200151067, 40.60589118115259], [-73.84457707891882, 40.60660325934993], [-73.84529688771036, 40.60626773448701], [-73.84493905970666, 40.60503253366469], [-73.84746742835364, 40.60508247708559], [-73.84727265830858, 40.60582270280001], [-73.84590992090752, 40.60629229623312], [-73.84617769070822, 40.60676235593794], [-73.84663402729758, 40.60675612085378], [-73.84635327113969, 40.60705005746419], [-73.84640264726846, 40.60730165693941], [-73.84689095135107, 40.60657422956841], [-73.84622437960687, 40.606717929170124], [-73.84644441647339, 40.606223284211026], [-73.84964678348713, 40.60605020355461], [-73.84962233759806, 40.60666532718726], [-73.84754585891129, 40.606979709302536], [-73.8468244449499, 40.608063189700154], [-73.84486233812146, 40.60808770468996], [-73.8462789702247, 40.60827868695028], [-73.84538823525139, 40.60978370997389], [-73.84573342635744, 40.611441013476245], [-73.84485550137006, 40.61102962820015], [-73.84564426528331, 40.61369219538079], [-73.84462997073106, 40.613900079001034]]], [[[-73.81268781281688, 40.62046327842576], [-73.81251588806671, 40.6204214683536], [-73.81255631031968, 40.620164845730784], [-73.81268781281688, 40.62046327842576]]], [[[-73.79866235888946, 40.62537182585353], [-73.79786744469337, 40.624371489309674], [-73.79875482519334, 40.625077757645165], [-73.80037265255028, 40.624108342202824], [-73.7992270150971, 40.62419346487138], [-73.79865709261955, 40.6236038478774], [-73.80004317408931, 40.61973220642747], [-73.80074082485005, 40.61948507714906], [-73.80206419853624, 40.62079091379661], [-73.80131044905615, 40.618542873261966], [-73.80347411308011, 40.614400964427716], [-73.80362092326966, 40.61602056512737], [-73.80589870617261, 40.61961911276764], [-73.80640950588551, 40.62233955602615], [-73.80541649344103, 40.62379186193321], [-73.80162741972283, 40.62559619023175], [-73.79906021857246, 40.62658052642458], [-73.79759190359371, 40.62610142269964], [-73.79866235888946, 40.62537182585353]]], [[[-73.83501827177466, 40.622681105038176], [-73.83362241936116, 40.62260263983393], [-73.83368214908512, 40.62138130602103], [-73.83412262132704, 40.620984173444654], [-73.83498716099349, 40.621011299889034], [-73.83501827177466, 40.622681105038176]]], [[[-73.83206055165128, 40.62469452291289], [-73.83309705335267, 40.622414746338606], [-73.8331082202417, 40.62168088857447], [-73.83368214864463, 40.621381306355474], [-73.83267620048598, 40.623908275227016], [-73.83355923814358, 40.62393603500176], [-73.83206055165128, 40.62469452291289]]], [[[-73.83357550598073, 40.62359791750215], [-73.83370768871286, 40.62371253808831], [-73.8336021277615, 40.62395304181116], [-73.83357550598073, 40.62359791750215]]], [[[-73.84499513207182, 40.62489642246634], [-73.84477857339031, 40.624237379526456], [-73.84383598677579, 40.624292482224085], [-73.84293864765408, 40.623323903976875], [-73.84536704025797, 40.62304856573115], [-73.8452055791732, 40.62435403207073], [-73.84599959134817, 40.62503564952983], [-73.84499513207182, 40.62489642246634]]], [[[-73.8122505778737, 40.62455183351797], [-73.81168078177565, 40.62364964420236], [-73.81251579982312, 40.623539448327776], [-73.81301265177471, 40.62226022792422], [-73.8130319049184, 40.6238567684221], [-73.81447870774272, 40.625470874311084], [-73.81249149581198, 40.62654067531403], [-73.81198752013151, 40.62602204367667], [-73.8122505778737, 40.62455183351797]]], [[[-73.84067747295258, 40.62744933505666], [-73.83946700887869, 40.62729384076306], [-73.84072122115312, 40.62586474512187], [-73.84238178647985, 40.62744078627189], [-73.84044645651653, 40.62658622483699], [-73.84015163614121, 40.62703667192096], [-73.84067747295258, 40.62744933505666]]], [[[-73.81466886840825, 40.627502561822915], [-73.81617361616055, 40.62890143469654], [-73.81596975872556, 40.63037871835661], [-73.81467414305273, 40.629985289404814], [-73.81466886840825, 40.627502561822915]]], [[[-73.8358599527261, 40.63212409989819], [-73.83506314024721, 40.63184423697649], [-73.83506421195499, 40.631725749520704], [-73.83593708948987, 40.6313496530941], [-73.8358599527261, 40.63212409989819]]], [[[-73.83033058333676, 40.6553698723751], [-73.82988919855889, 40.65552282308677], [-73.83037789718178, 40.655128335118135], [-73.83033058333676, 40.6553698723751]]], [[[-73.80263811156433, 40.84108115226217], [-73.8069460864188, 40.84146244618143], [-73.80680801372397, 40.8424891399877], [-73.80393073307404, 40.842594072550085], [-73.80222295355102, 40.84163481364685], [-73.80263811156433, 40.84108115226217]]], [[[-73.77464113309695, 40.6008507967622], [-73.7747631301843, 40.600831744882136], [-73.77476381099359, 40.60084578654363], [-73.77464113309695, 40.6008507967622]]], [[[-73.7848486090269, 40.62052819364247], [-73.78515920006002, 40.61864728248359], [-73.78446087068211, 40.617027834124684], [-73.78322554530014, 40.61557873072347], [-73.7807937650353, 40.61458756709255], [-73.78088360834523, 40.61364035413394], [-73.78355221437404, 40.61192445198106], [-73.78497523353337, 40.61192957008833], [-73.78577809315796, 40.61099347707098], [-73.78865910627547, 40.61009059422699], [-73.79087659100047, 40.60769558928767], [-73.79159894942168, 40.607809510118294], [-73.79107360039092, 40.60837894565791], [-73.79147410140476, 40.608702812013185], [-73.79365104095642, 40.60898581496933], [-73.79505655097407, 40.61048896619446], [-73.79898529394642, 40.61148245671422], [-73.79917318059806, 40.612026245926856], [-73.80080125919478, 40.61193390448178], [-73.79931694077327, 40.613358220591735], [-73.7996851015325, 40.61377747354066], [-73.79903903513139, 40.61555054228849], [-73.79727592477158, 40.61666041295648], [-73.79700484778857, 40.6183799439582], [-73.7963556790424, 40.61845468453555], [-73.79447893422355, 40.6225905194614], [-73.79142802632457, 40.62227765734301], [-73.7895581428932, 40.62279199525532], [-73.78419483198816, 40.62089267024374], [-73.7848486090269, 40.62052819364247]]], [[[-73.77087500376955, 40.61586372321711], [-73.76854868123182, 40.62055967877602], [-73.76745926884406, 40.62051132256402], [-73.76670827781412, 40.61491086568314], [-73.77087500376955, 40.61586372321711]]], [[[-73.7442928971143, 40.778747261922156], [-73.74506031149814, 40.77914294294139], [-73.74500248662632, 40.77919897460207], [-73.7442928971143, 40.778747261922156]]], [[[-73.74682065555056, 40.77937431015796], [-73.74724480713074, 40.78007634470967], [-73.7467245708424, 40.78030652579841], [-73.74559224274115, 40.77958067926981], [-73.74682065555056, 40.77937431015796]]], [[[-73.78931223606466, 40.834464887056185], [-73.78951019872315, 40.835364042525896], [-73.78845699948884, 40.83530991481694], [-73.78833349834372, 40.83466713026211], [-73.78931223606466, 40.834464887056185]]], [[[-73.78902799510588, 40.85857657328086], [-73.7887840285474, 40.857420689834136], [-73.788043429758, 40.857559917687304], [-73.7880283070167, 40.85751468178645], [-73.78877898544022, 40.85740092519983], [-73.78847732653362, 40.85440052053236], [-73.78690734702697, 40.85406397229935], [-73.78800064949667, 40.8535246363282], [-73.78588186506653, 40.85178867244104], [-73.78338158610394, 40.85158673391453], [-73.78460077697608, 40.85109569219537], [-73.78384119307995, 40.850692899498476], [-73.78420047134387, 40.85006064424078], [-73.7830353553807, 40.849071907625465], [-73.78154449088599, 40.84940043464348], [-73.78214108697684, 40.849100663170425], [-73.78149386587495, 40.84858047582596], [-73.78267467079046, 40.8481396719416], [-73.78097820938956, 40.84845834791372], [-73.78263740397894, 40.84807264924598], [-73.78148431950562, 40.84788219384882], [-73.78216393435416, 40.846636338283574], [-73.7804032695843, 40.84693113466882], [-73.78115182578733, 40.846246304124705], [-73.78110675694619, 40.846746997140094], [-73.78174288903256, 40.84641229011609], [-73.78109301885023, 40.84679849209014], [-73.78251345116695, 40.84640877205391], [-73.78249597258954, 40.845661561949214], [-73.78309442048653, 40.84551828556486], [-73.7831464422737, 40.8453099420262], [-73.78307455830661, 40.84550976429207], [-73.7824248715568, 40.845676336164615], [-73.78181646104312, 40.845764978051164], [-73.78306023126584, 40.8450857085672], [-73.78181535900454, 40.84548058288049], [-73.78307457446685, 40.84505636873404], [-73.7831524550558, 40.84529598383054], [-73.78336536135346, 40.844444722981876], [-73.78348428748818, 40.84367854599862], [-73.78290650949765, 40.84393612584027], [-73.78052736048546, 40.84452514033834], [-73.77992703744272, 40.843883081858586], [-73.7805330271456, 40.84445302176281], [-73.78039623281843, 40.84396640868252], [-73.78058464728883, 40.8444345726984], [-73.78087690198711, 40.843862220487964], [-73.78154602523335, 40.84421588974787], [-73.78137674098204, 40.84370448704279], [-73.78200770536675, 40.84410960066983], [-73.78183306599361, 40.84357551830506], [-73.7824367989546, 40.844009431100055], [-73.78224871668732, 40.84343616841767], [-73.7828224397139, 40.843919481199634], [-73.78257210724104, 40.843294581440894], [-73.78309186112214, 40.84368505531395], [-73.7828738817701, 40.84312410236129], [-73.78313252568671, 40.84369749673193], [-73.7828066150656, 40.8437793161222], [-73.78284151617684, 40.843894787202096], [-73.78347481249254, 40.8436547381099], [-73.78288778301486, 40.84249482884979], [-73.78244452404594, 40.84304203441689], [-73.78180048362285, 40.84269614629641], [-73.78193306593508, 40.843228088579195], [-73.78124656634499, 40.842797107289634], [-73.78142785188767, 40.843370873276584], [-73.78067429925022, 40.84290730453787], [-73.78082903681138, 40.84350729764843], [-73.7802955253207, 40.842973044894116], [-73.78022773872516, 40.843778181800474], [-73.78022662418412, 40.84288326793048], [-73.78286499304919, 40.84247810188288], [-73.78059735822595, 40.84278659994118], [-73.78236855953504, 40.84242849314983], [-73.78162055021923, 40.8423294948882], [-73.78230643317929, 40.84221111530761], [-73.78233257149715, 40.8419228441103], [-73.78144003107849, 40.842142133493596], [-73.78216624418963, 40.841689144110276], [-73.78042577181698, 40.84249439370444], [-73.78019599955121, 40.8420462114789], [-73.78185048197783, 40.84165394639447], [-73.78166051213775, 40.84112417458322], [-73.78079752923459, 40.84125614604855], [-73.7816485529559, 40.84109776352898], [-73.78113875725964, 40.839494278801894], [-73.78188455720445, 40.83765027610237], [-73.78290629191042, 40.83732000557034], [-73.78282260139738, 40.83633815588806], [-73.78338168059172, 40.836909272183405], [-73.78498060328258, 40.836746425578156], [-73.78450333965199, 40.83705776567387], [-73.78485009222503, 40.837470489681245], [-73.7856399784529, 40.83706443508809], [-73.78583067897951, 40.837209980003486], [-73.78516584428664, 40.837471334061945], [-73.7857350929869, 40.839234231776], [-73.78740758746173, 40.83967762269453], [-73.78749166412595, 40.84084234167422], [-73.78815921166516, 40.84049077856722], [-73.78761237716417, 40.84119800529479], [-73.7883661747514, 40.841504610011576], [-73.78802003550362, 40.84178384145895], [-73.78905825501366, 40.84323533177022], [-73.78993093388252, 40.84304226436384], [-73.78947182214253, 40.844292977849655], [-73.79179343625613, 40.846731671826895], [-73.7910136233899, 40.848985209716986], [-73.78975711070451, 40.84953146979038], [-73.78985836952192, 40.849972559362044], [-73.79094776857634, 40.84973917964398], [-73.79098877124962, 40.84982834852718], [-73.7898663031397, 40.8499893896982], [-73.79026824507268, 40.850961088073994], [-73.78951371516169, 40.85130077171331], [-73.78956272464042, 40.85148733732484], [-73.79098717984141, 40.8512640158018], [-73.78966490344519, 40.85150038213228], [-73.79089217930074, 40.85154690354906], [-73.79019588667127, 40.85175290506567], [-73.790463705281, 40.85176700615418], [-73.79008396904275, 40.8520345268798], [-73.7901550926101, 40.852251285235994], [-73.79016095150182, 40.85204023542596], [-73.79249450978072, 40.85155072509289], [-73.79017007126143, 40.85228066165614], [-73.79311837183837, 40.851578295241], [-73.79138052695524, 40.85260203830493], [-73.7934098763101, 40.85202188423312], [-73.79350762831913, 40.852264043925004], [-73.79042053780171, 40.85302297821269], [-73.79281511966929, 40.85249481930906], [-73.7908075866374, 40.85319906006325], [-73.79126573165878, 40.85370686423333], [-73.79287610048588, 40.85294418132863], [-73.7930399117011, 40.853371249787926], [-73.79105721254831, 40.853918412426836], [-73.79245816778624, 40.8536007087539], [-73.79107002765953, 40.8539449566648], [-73.79253714605024, 40.85384932731049], [-73.79129282160805, 40.85458402547443], [-73.79250306685451, 40.8557886661372], [-73.79190183340098, 40.85654691187076], [-73.79309492152372, 40.856686441404285], [-73.79189422958885, 40.85656888932979], [-73.79170704257521, 40.85685184235265], [-73.79282713237983, 40.85743578991807], [-73.79301264383001, 40.85700302604336], [-73.79288403888899, 40.85747920249383], [-73.79185978715215, 40.857004107259584], [-73.79268338575642, 40.85742039309031], [-73.79189451913092, 40.85743712186542], [-73.79256970440441, 40.85763962586503], [-73.79239521723282, 40.85784554775234], [-73.79174254016168, 40.85739395000313], [-73.79184303217399, 40.85702870201153], [-73.79094202260372, 40.857552748189], [-73.79178529423412, 40.85777542535318], [-73.79143695907953, 40.85815468562582], [-73.79093222800749, 40.85756778747071], [-73.79018745195005, 40.85860991738634], [-73.78902799510588, 40.85857657328086]]], [[[-73.76805636020048, 40.845598218136274], [-73.76901389181124, 40.84509734272204], [-73.77118377944221, 40.84694451381355], [-73.77157218833071, 40.8475000590831], [-73.77088920221003, 40.84975177184075], [-73.77296356611288, 40.85215925395875], [-73.7717306041191, 40.8524768313193], [-73.77234917455172, 40.85385141973168], [-73.77296285334873, 40.853800062246656], [-73.77214036841646, 40.85441271310332], [-73.77219222989055, 40.859986639098395], [-73.77084562360571, 40.86010101285692], [-73.76947305423839, 40.8593301371713], [-73.76533243929102, 40.85504359512371], [-73.76783205636991, 40.854442206244784], [-73.76938529139699, 40.85253613399698], [-73.76860817687101, 40.85078839537827], [-73.76959674311296, 40.84759451960096], [-73.76805636020048, 40.845598218136274]]], [[[-73.78125566670873, 40.8552022307368], [-73.7808699470712, 40.85553169939752], [-73.78061653489699, 40.855163888157584], [-73.7807724867361, 40.85484357718099], [-73.78125566670873, 40.8552022307368]]], [[[-73.78259711592077, 40.85482256046909], [-73.78385861912027, 40.85483156741573], [-73.78330379042221, 40.85584858232035], [-73.78259711592077, 40.85482256046909]]], [[[-73.78446120057703, 40.85966930063896], [-73.78525334195189, 40.85875129522941], [-73.78607540488369, 40.8592746033861], [-73.78773372273308, 40.85877099208082], [-73.78691957459718, 40.8602671240542], [-73.78457451654576, 40.86053199775851], [-73.78446120057703, 40.85966930063896]]], [[[-73.77326219947474, 40.86063061231969], [-73.77333634590616, 40.86085386036116], [-73.77321845470054, 40.86079446335444], [-73.77326219947474, 40.86063061231969]]], [[[-73.77512255324152, 40.86118805401744], [-73.77513862733318, 40.86159428114081], [-73.77493188967397, 40.86155230286426], [-73.77512255324152, 40.86118805401744]]], [[[-73.77474885077193, 40.862052264100875], [-73.77466831042591, 40.86179715209509], [-73.77487254969448, 40.86184462040682], [-73.77474885077193, 40.862052264100875]]], [[[-73.78328053506085, 40.862780706210124], [-73.78289032081526, 40.86231719372564], [-73.7831450428813, 40.86206867890583], [-73.78328053506085, 40.862780706210124]]], [[[-73.7837787415074, 40.863145959950884], [-73.78391453469503, 40.86250775284073], [-73.78469165850865, 40.8625427894058], [-73.7842865043386, 40.8632050887795], [-73.7837787415074, 40.863145959950884]]], [[[-73.7696354462226, 40.86554256158247], [-73.76994076930318, 40.865523409496824], [-73.76944774766791, 40.86576135090618], [-73.7696354462226, 40.86554256158247]]], [[[-73.76692046625034, 40.867049555851395], [-73.767123805844, 40.867238188474154], [-73.76668098944072, 40.867320684140125], [-73.76692046625034, 40.867049555851395]]], [[[-73.77157057963991, 40.871857949809595], [-73.77084864464895, 40.87162776297062], [-73.77263488154172, 40.87188020876713], [-73.77157057963991, 40.871857949809595]]], [[[-73.77513690028402, 40.87455444694521], [-73.77454436853722, 40.87428631103689], [-73.77504980563741, 40.87393771901346], [-73.77513690028402, 40.87455444694521]]], [[[-73.78213787496449, 40.87502908678764], [-73.78265785360905, 40.87479265669424], [-73.78192813702833, 40.87540460586876], [-73.78213787496449, 40.87502908678764]]], [[[-73.78151357091774, 40.87604602393967], [-73.78120581313027, 40.87659007884916], [-73.78142242881403, 40.875766338901634], [-73.78151357091774, 40.87604602393967]]], [[[-73.78166863791294, 40.876423681809264], [-73.78206787963717, 40.87623794342748], [-73.78220080379837, 40.876434202682404], [-73.78166863791294, 40.876423681809264]]], [[[-73.78341730781993, 40.87717610518361], [-73.78400493947206, 40.876864365216825], [-73.78355581750266, 40.877500791862225], [-73.78341730781993, 40.87717610518361]]], [[[-73.78542670816626, 40.88004124410342], [-73.78546380817913, 40.87976007872163], [-73.78567549107373, 40.87985203677247], [-73.78542670816626, 40.88004124410342]]], [[[-73.783822417574, 40.88042442875845], [-73.78406640087343, 40.879713414752096], [-73.78534770607432, 40.88052257751784], [-73.78495773470063, 40.880745812270675], [-73.783822417574, 40.88042442875845]]]]}}]}